Rank,Country code,Name,Continental region,Plans measured,Average price of 1GB (local currency),Currency,Conversion rate (USD) (Frozen 12/07/2022)),Average price of 1GB (USD – 2022),Average price of 1GB (USD – 2021),Average price of 1GB (USD – 2020),Average price of 1GB (USD – 2019),Cheapest 1GB (Local currency),Cheapest 1GB (USD),Most expensive 1GB (Local currency),Most expensive 1GB (USD),Sample date,,Global Totals (2022),
1,AD,Andorra,WESTERN EUROPE,7,6.33,EUR,1.00021,$6.34,$7.49,$9.54,$12.58,0.9,$0.90,55,$55.07,16/03/2022,,Total number of countries,235
2,AE,United Arab Emirates,NEAR EAST,28,15.76,AED,0.27225,$4.29,$7.62,$3.78,$10.23,4.38,$1.19,41.48,$11.29,16/03/2022,,Most expensive 1GB,$41.06
3,AF,Afghanistan,ASIA (EX. NEAR EAST),53,79.96,AFN,0.01128,$0.90,$1.02,$1.55,$1.60,25,$0.28,250,$2.82,16/03/2022,,Cheapest 1GB,$0.04
4,AG,Antigua and Barbuda,CARIBBEAN,28,10.92,XCD,0.37002,$4.04,$4.44,$7.17,$12.70,0.5,$0.18,34,$12.58,16/03/2022,,Average package price globally,$3.12
5,AI,Anguilla,CARIBBEAN,16,9.17,XCD,0.37002,$3.39,$3.85,$5.92,$14.12,3,$1.11,16,$5.92,1/04/2022,,Total packages included in study,"5,292"
6,AL,Albania,EASTERN EUROPE,13,314.29,ALL,0.00857,$2.69,$2.80,$2.83,$5.28,64.52,$0.55,"10,000.00",$85.72,1/04/2022,,,
7,AM,Armenia,CIS (FORMER USSR),11,375,AMD,0.00241,$0.91,$0.76,$1.05,$2.51,163.33,$0.39,"1,000.00",$2.41,1/04/2022,,,
8,AO,Angola,SUB-SAHARAN AFRICA,24,"1,000.00",AOA,0.00233,$2.33,$1.61,$5.29,$7.95,400,$0.93,"2,000.00",$4.65,1/04/2022,,,
9,AR,Argentina,SOUTH AMERICA,26,188.75,ARS,0.00785,$1.48,$2.38,$1.45,$7.40,60,$0.47,440,$3.45,4/04/2022,,,
10,AS,American Samoa,OCEANIA,29,2.33,USD,1,$2.33,$2.00,$2.50,$1.94,1,$1.00,14.97,$14.97,3/04/2022,,,
11,AT,Austria,WESTERN EUROPE,12,0.94,EUR,1.00021,$0.94,$1.17,$1.08,$1.88,0.13,$0.13,2.38,$2.38,24/05/2022,,,
12,AU,Australia,OCEANIA,40,0.84,AUD,0.67161,$0.57,$0.70,$0.68,$2.47,0.2,$0.13,9.9,$6.65,4/04/2022,,,
13,AW,Aruba,CARIBBEAN,11,9.43,AWG,0.55633,$5.25,$4.44,$9.11,$5.56,1.19,$0.66,16.12,$8.97,4/04/2022,,,
14,AX,Åland Islands,WESTERN EUROPE,2,5.72,EUR,1.00021,$5.72,$2.75,$3.24,$4.64,3.98,$3.98,7.45,$7.46,4/04/2022,,,
15,AZ,Azerbaijan,CIS (FORMER USSR),27,3,AZN,0.58824,$1.76,$1.82,$1.86,$6.42,0.6,$0.35,16.67,$9.80,4/04/2022,,,
16,BA,Bosnia and Herz.,EASTERN EUROPE,23,5.48,BAM,0.51337,$2.82,$2.39,$3.04,$3.05,1,$0.51,125,$64.17,4/04/2022,,,
17,BB,Barbados,CARIBBEAN,10,13.75,BBD,0.49199,$6.76,$6.79,$9.32,$15.82,11,$5.41,22.5,$11.07,5/04/2022,,,
18,BD,Bangladesh,ASIA (EX. NEAR EAST),60,30.59,BDT,0.01062,$0.32,$0.34,$0.70,$0.99,1.2,$0.01,632.81,$6.72,5/04/2022,,,
19,BE,Belgium,WESTERN EUROPE,45,3,EUR,1.00021,$3.00,$5.28,$4.88,$3.12,0.52,$0.52,18,$18.02,5/04/2022,,,
20,BF,Burkina Faso,SUB-SAHARAN AFRICA,43,"2,500.00",XOF,0.00153,$3.83,$4.52,$2.47,$10.26,999,$1.53,"10,000.00",$15.31,5/04/2022,,,
21,BG,Bulgaria,EASTERN EUROPE,13,1.75,BGN,0.5122,$0.90,$2.26,$2.22,$11.51,0.3,$0.15,35.98,$18.41,5/04/2022,,,
22,BH,Bahrain,NEAR EAST,22,0.44,BHD,2.65261,$1.17,$2.12,$2.27,$2.00,0.23,$0.60,0.98,$2.59,6/04/2022,,,
23,BI,Burundi,SUB-SAHARAN AFRICA,37,"3,846.15",BIF,0.00048,$1.86,$2.10,$2.12,$18.79,769.08,$0.37,"10,000.00",$4.82,6/04/2022,,,
24,BJ,Benin,SUB-SAHARAN AFRICA,20,"1,483.52",XOF,0.00153,$2.27,$3.61,$27.22,$20.99,"1,000.00",$1.53,"33,333.33",$51.02,6/04/2022,,,
25,BL,Saint Barthélemy (St. Barts),CARIBBEAN,14,1.55,EUR,1.00021,$1.55,$2.36,$4.06,$5.04,0.5,$0.50,90,$90.11,6/04/2022,,,
26,BM,Bermuda,NORTHERN AMERICA,17,5,BMD,1,$5.00,$19.80,$28.75,$37.74,1,$1.00,19,$19.00,6/04/2022,,,
27,BN,Brunei,ASIA (EX. NEAR EAST),35,2.4,BND,0.70796,$1.70,$2.23,$2.64,$8.51,1.67,$1.18,10,$7.08,6/04/2022,,,
28,BO,Bolivia,SOUTH AMERICA,40,15.47,BOB,0.14431,$2.23,$2.18,$5.09,$5.99,6,$0.87,50,$7.22,7/04/2022,,,
29,BQ,Caribbean Netherlands,CARIBBEAN,26,11.15,ANG,0.55127,$6.15,$10.94,$9.95,$9.57,4,$2.21,35.57,$19.61,7/04/2022,,,
30,BR,Brazil,SOUTH AMERICA,45,3.99,BRL,0.18594,$0.74,$0.92,$1.01,$3.50,0.5,$0.09,12.5,$2.32,7/04/2022,,,
31,BS,Bahamas,CARIBBEAN,15,5.5,BSD,0.99287,$5.46,$5.98,$6.02,$4.94,1.1,$1.09,10,$9.93,8/04/2022,,,
32,BT,Bhutan,ASIA (EX. NEAR EAST),60,31.25,BTN,0.01251,$0.39,$0.83,$1.16,$1.49,17.75,$0.22,76.92,$0.96,8/04/2022,,,
33,BW,Botswana,SUB-SAHARAN AFRICA,9,199,BWP,0.07814,$15.55,$3.92,$13.87,$16.79,119.8,$9.36,400,$31.26,8/04/2022,,,
34,BY,Belarus,CIS (FORMER USSR),2,1.67,BYR,0.39,$0.79,$0.43,$0.89,$2.36,0.95,$0.45,2.4,$1.13,8/04/2022,,,
35,BZ,Belize,CENTRAL AMERICA,25,6,BZD,0.49283,$2.96,$2.97,$3.25,$4.39,2.61,$1.28,30,$14.78,8/04/2022,,,
36,CA,Canada,NORTHERN AMERICA,52,7.75,CAD,0.76646,$5.94,$5.72,$12.55,$13.21,2.17,$1.66,60,$46.02,28/04/2022,,,
37,CC,Cocos (Keeling) Islands,OCEANIA,2,4.75,AUD,0.67161,$3.19,$13.47,$16.98,,4.5,$3.02,5,$3.36,11/04/2022,,,
38,CF,Central African Rep.,SUB-SAHARAN AFRICA,14,"5,833.33",XOF,0.00153,$8.93,$9.03,$8.25,$6.03,"1,666.67",$2.55,"16,666.67",$25.51,11/04/2022,,,
39,CG,Congo,SUB-SAHARAN AFRICA,43,"2,083.33",CDF,0.0005,$1.03,$2.88,$1.94,$4.57,717.24,$0.36,"5,371.09",$2.67,23/05/2022,,,
40,CH,Switzerland,WESTERN EUROPE,15,7.25,CHF,1.01481,$7.37,$5.24,$8.38,$20.22,0.5,$0.51,20,$20.32,11/04/2022,,,
41,CI,Côte d'Ivoire,SUB-SAHARAN AFRICA,25,"2,000.00",XOF,0.00153,$3.06,$2.58,$3.20,$6.18,500,$0.77,"10,000.00",$15.31,11/04/2022,,,
42,CK,Cook Islands,OCEANIA,4,4.45,NZD,0.61036,$2.72,$3.50,,$5.56,2.13,$1.30,9.8,$5.98,11/04/2022,,,
43,CL,Chile,SOUTH AMERICA,48,501.29,CLP,0.00101,$0.51,$0.39,$0.71,$1.87,32.48,$0.03,"4,600.00",$4.65,12/04/2022,,,
44,CM,Cameroon,SUB-SAHARAN AFRICA,24,"1,000.00",XAF,0.00153,$1.53,$0.90,$2.75,$1.71,333.33,$0.51,"3,600.00",$5.51,11/04/2022,,,
45,CN,China,ASIA (EX. NEAR EAST),6,2.75,CNY,0.14864,$0.41,$0.52,$0.61,$9.89,2,$0.30,3,$0.45,23/05/2022,,,
46,CO,Colombia,SOUTH AMERICA,54,"2,169.47",COP,0.00022,$0.49,$2.80,$3.46,$3.22,749.88,$0.17,"16,666.67",$3.73,12/04/2022,,,
47,CR,Costa Rica,CENTRAL AMERICA,29,"1,500.00",CRC,0.00145,$2.17,$2.36,$2.74,$4.89,960,$1.39,"6,666.67",$9.64,13/04/2022,,,
48,CU,Cuba,CARIBBEAN,8,75,CUP,0.04137,$3.10,$7.50,$13.33,,41.67,$1.72,125,$5.17,13/04/2022,,,
49,CV,Cape Verde,SUB-SAHARAN AFRICA,16,472.5,CVE,0.00911,$4.30,$4.78,$4.81,$4.25,250,$2.28,"4,500.00",$40.98,13/04/2022,,,
50,CW,Curaçao,CARIBBEAN,26,11.82,ANG,0.55127,$6.51,$6.47,$11.06,$16.91,1.67,$0.92,35.57,$19.61,13/04/2022,,,
51,CY,Cyprus,NEAR EAST,19,5.33,EUR,1.00021,$5.34,$8.84,$13.56,$20.25,0.4,$0.40,133.33,$133.49,13/04/2022,,,
52,CZ,Czech Republic,EASTERN EUROPE,36,73.88,CZK,0.04064,$3.01,$8.15,$7.95,$32.71,21.65,$0.88,449,$18.27,13/04/2022,,,
53,DE,Germany,WESTERN EUROPE,60,2.66,EUR,1.00021,$2.67,$3.38,$4.06,$6.96,0.5,$0.50,7.9,$7.91,13/04/2022,,,
54,DJ,Djibouti,SUB-SAHARAN AFRICA,7,200,DJF,0.00558,$1.12,$1.12,$1.12,$37.92,83.33,$0.47,"5,000.00",$27.90,13/04/2022,,,
55,DK,Denmark,WESTERN EUROPE,20,3.23,DKK,0.13444,$0.43,$0.79,$0.80,$1.36,0.75,$0.10,26.33,$3.54,13/04/2022,,,
56,DM,Dominica,CARIBBEAN,17,3.08,XCD,0.37002,$1.14,$1.76,$4.92,$14.60,2.1,$0.78,5.67,$2.10,13/04/2022,,,
57,DO,Dominican Rep.,CARIBBEAN,31,51.6,DOP,0.01815,$0.94,$1.51,$0.74,$1.28,18.71,$0.34,"1,294.00",$23.48,14/04/2022,,,
58,DZ,Algeria,NORTHERN AFRICA,17,70,DZD,0.00682,$0.48,$0.51,$0.65,$5.15,20,$0.14,250,$1.70,19/04/2022,,,
59,EC,Ecuador,SOUTH AMERICA,31,1,USD,1,$1.00,$1.06,$3.24,$6.93,0.55,$0.55,4,$4.00,14/04/2022,,,
60,EE,Estonia,BALTICS,24,1.2,EUR,1.00021,$1.20,$1.39,$1.27,$3.67,0.12,$0.12,99.8,$99.92,14/04/2022,,,
61,EG,Egypt,NORTHERN AFRICA,20,17.5,EGP,0.05295,$0.93,$1.04,$1.09,$1.49,14.29,$0.76,25,$1.32,14/04/2022,,,
62,EH,W. Sahara,NORTHERN AFRICA,19,7.33,MAD,0.09766,$0.72,$0.88,$0.99,$1.18,4.45,$0.44,24.5,$2.39,14/04/2022,,,
63,ES,Spain,WESTERN EUROPE,58,0.6,EUR,1.00021,$0.60,$1.24,$1.81,$0.56,0.11,$0.11,49,$49.06,19/04/2022,,,
64,ET,Ethiopia,SUB-SAHARAN AFRICA,5,52.5,ETB,0.01903,$1.00,$1.71,$2.44,$2.06,42,$0.80,70,$1.33,19/04/2022,,,
65,FI,Finland,WESTERN EUROPE,9,6,EUR,1.00021,$6.01,$0.97,$2.14,$1.16,2.38,$2.38,9.98,$9.99,29/04/2022,,,
66,FJ,Fiji,OCEANIA,17,0.33,FJD,0.4478,$0.15,$0.19,$0.59,$3.57,0.17,$0.07,1.75,$0.78,19/04/2022,,,
67,FK,Falkland Is.,SOUTH AMERICA,4,32.5,FKP,1.18251,$38.45,$44.56,$40.41,$55.47,21.67,$25.63,60,$70.99,19/04/2022,,,
68,FM,Micronesia (Federated States of),OCEANIA,7,6.63,EUR,1.00021,$6.64,$7.85,$7.20,$12.87,0.83,$0.83,50,$50.06,19/04/2022,,,
69,FO,Faroe Islands,WESTERN EUROPE,13,14.53,DKK,0.13444,$1.96,$2.64,$2.41,$9.78,6.96,$0.94,157,$21.13,19/04/2022,,,
70,FR,France,WESTERN EUROPE,53,0.23,EUR,1.00021,$0.23,$0.41,$0.81,$1.21,0.07,$0.08,49.9,$49.96,19/04/2022,,,
71,GA,Gabon,SUB-SAHARAN AFRICA,24,"2,583.33",XOF,0.00153,$3.95,$4.82,$4.89,$3.39,781.25,$1.20,"10,000.00",$15.31,20/04/2022,,,
72,GB,United Kingdom,WESTERN EUROPE,58,0.67,GBP,1.18251,$0.79,$1.42,$1.39,$6.66,0.1,$0.12,52,$61.52,20/04/2022,,,
73,GD,Grenada,CARIBBEAN,13,6,XCD,0.37002,$2.22,$2.44,$5.37,$12.00,1,$0.37,12,$4.44,20/04/2022,,,
74,GE,Georgia,CIS (FORMER USSR),20,3.04,GEL,0.34014,$1.03,$1.80,$0.93,$5.63,0.75,$0.26,8.57,$2.92,20/04/2022,,,
75,GF,French Guiana,SOUTH AMERICA,15,1.5,EUR,1.00021,$1.50,$1.58,$3.61,$13.41,0.35,$0.35,90,$90.11,20/04/2022,,,
76,GG,Guernsey,WESTERN EUROPE,11,1.21,GBP,1.18251,$1.43,$1.46,$1.24,$3.05,0.4,$0.48,15.15,$17.92,20/04/2022,,,
77,GH,Ghana,SUB-SAHARAN AFRICA,12,5,GHS,0.12272,$0.61,$0.66,$0.94,$1.56,1.6,$0.20,10,$1.23,21/04/2022,,,
78,GI,Gibraltar,WESTERN EUROPE,5,1,GIP,1.258,$1.26,$2.78,$7.38,$3.10,0.6,$0.75,1.67,$2.10,21/04/2022,,,
79,GL,Greenland,NORTHERN AMERICA,3,24.95,DKK,0.13444,$3.36,$3.97,$9.56,$11.12,9.98,$1.34,71.8,$9.66,21/04/2022,,,
80,GM,Gambia,SUB-SAHARAN AFRICA,20,248.75,GMD,0.01849,$4.60,$5.86,$5.10,$6.89,121.25,$2.24,520,$9.61,21/04/2022,,,
81,GN,Guinea,SUB-SAHARAN AFRICA,26,"15,192.31",GNF,0.00011,$1.74,$1.99,$2.08,$4.53,"10,000.00",$1.14,"32,666.67",$3.73,21/04/2022,,,
82,GP,Guadeloupe,CARIBBEAN,13,1.1,EUR,1.00021,$1.10,$0.89,$2.42,$6.06,0.35,$0.35,90,$90.11,22/04/2022,,,
83,GQ,Eq. Guinea,SUB-SAHARAN AFRICA,7,"6,250.00",XAF,0.00153,$9.57,$49.67,$12.78,$47.39,"2,857.14",$4.37,"10,000.00",$15.31,29/04/2022,,,
84,GR,Greece,EASTERN EUROPE,10,5.3,EUR,1.00021,$5.30,$8.16,$12.06,$4.91,0.95,$0.95,23.57,$23.60,22/04/2022,,,
85,GT,Guatemala,CENTRAL AMERICA,30,10,GTQ,0.1282,$1.28,$1.94,$2.17,$4.84,4.62,$0.59,16.67,$2.14,22/04/2022,,,
86,GU,Guam,OCEANIA,7,2,USD,1,$2.00,$2.14,$2.00,$4.26,1.17,$1.17,2.17,$2.17,22/04/2022,,,
87,GW,Guinea-Bissau,SUB-SAHARAN AFRICA,11,"1,000.00",XOF,0.00153,$1.53,$4.41,$4.12,$11.71,714.29,$1.09,"3,333.33",$5.10,22/04/2022,,,
88,GY,Guyana,SOUTH AMERICA,16,940.67,GYD,0.00475,$4.47,$5.25,$5.46,$12.30,730,$3.47,"1,733.33",$8.24,24/04/2022,,,
89,HK,Hong Kong,ASIA (EX. NEAR EAST),31,9.8,HKD,0.12739,$1.25,$2.30,$2.55,$7.15,1.99,$0.25,26.33,$3.35,24/04/2022,,,
90,HN,Honduras,CENTRAL AMERICA,15,0.76,USD,1,$0.76,$1.56,$3.12,$4.69,0.42,$0.42,1.63,$1.63,24/04/2022,,,
91,HR,Croatia,EASTERN EUROPE,19,13.85,HRK,0.13304,$1.84,$2.35,$2.48,$4.00,3.23,$0.43,166.67,$22.21,24/04/2022,,,
92,HT,Haiti,CARIBBEAN,14,42.86,HTG,0.00857,$0.37,$0.85,$2.74,$1.25,16.67,$0.14,125,$1.07,25/04/2022,,,
93,HU,Hungary,EASTERN EUROPE,22,525,HUF,0.00241,$1.27,$1.70,$5.32,$2.91,50.6,$0.12,"2,830.00",$6.86,25/04/2022,,,
94,ID,Indonesia,ASIA (EX. NEAR EAST),59,"6,916.67",IDR,0.00007,$0.46,$0.42,$0.64,$2.99,"1,925.00",$0.13,"43,000.00",$2.87,25/04/2022,,,
95,IE,Ireland,WESTERN EUROPE,18,1.58,EUR,1.00021,$1.58,$1.42,$1.36,$3.95,0.5,$0.50,15,$15.02,25/04/2022,,,
96,IL,Israel,NEAR EAST,20,0.15,ILS,0.28652,$0.04,$0.05,$0.11,$0.90,0.06,$0.02,0.59,$0.17,25/04/2022,,,
97,IM,Isle of Man,WESTERN EUROPE,8,10.25,GBP,1.18251,$12.13,$1.80,$1.66,$3.33,0.34,$0.40,20,$23.66,25/04/2022,,,
98,IN,India,ASIA (EX. NEAR EAST),36,13.2,INR,0.01258,$0.17,$0.68,$0.09,$0.26,3.78,$0.05,645,$8.10,25/04/2022,,,
99,IO,British Indian Ocean Territory,ASIA (EX. NEAR EAST),5,5,USD,1,$5.00,$7.50,$7.50,$9.31,4.17,$4.17,7.14,$7.14,25/04/2022,,,
100,IQ,Iraq,NEAR EAST,36,"1,000.00",IQD,0.00068,$0.68,$1.14,$4.20,$8.00,200,$0.14,"15,000.00",$10.21,25/04/2022,,,
101,IR,Iran,ASIA (EX. NEAR EAST),60,"55,625.00",IRR,0.00002,$1.31,$1.52,$0.75,$1.88,"22,000.00",$0.52,"450,000.00",$10.63,25/04/2022,,,
102,IS,Iceland,WESTERN EUROPE,15,140,ISK,0.0072,$1.01,$1.23,$1.46,$3.78,20.38,$0.15,"2,190.00",$15.76,25/04/2022,,,
103,IT,Italy,WESTERN EUROPE,28,0.12,EUR,1.00021,$0.12,$0.27,$0.43,$1.73,0.05,$0.05,2,$2.00,26/04/2022,,,
104,JE,Jersey,WESTERN EUROPE,13,1,GBP,1.18251,$1.18,$1.32,$1.71,$3.82,0.4,$0.47,15.9,$18.81,25/04/2022,,,
105,JM,Jamaica,CARIBBEAN,8,183.83,JMD,0.00658,$1.21,$2.74,$3.88,$2.43,116.67,$0.77,570,$3.75,27/04/2022,,,
106,JO,Jordan,NEAR EAST,34,0.45,JOD,1.40787,$0.63,$1.41,$1.03,$1.79,0.22,$0.31,1,$1.41,26/04/2022,,,
107,JP,Japan,ASIA (EX. NEAR EAST),22,528.26,JPY,0.00729,$3.85,$3.38,$3.91,$10.40,151.2,$1.10,"4,950.00",$36.07,26/04/2022,,,
108,KE,Kenya,SUB-SAHARAN AFRICA,46,99.85,KES,0.00845,$0.84,$2.25,$1.05,$2.73,28.57,$0.24,500,$4.23,26/04/2022,,,
109,KG,Kyrgyzstan,CIS (FORMER USSR),11,13.8,KGS,0.0121,$0.17,$0.15,$0.21,$0.27,12,$0.15,33.33,$0.40,26/04/2022,,,
110,KH,Cambodia,ASIA (EX. NEAR EAST),13,0.42,USD,1,$0.42,$0.83,$1.50,$10.18,0.1,$0.10,1.43,$1.43,27/04/2022,,,
111,KI,Kiribati,OCEANIA,8,5,AUD,0.67161,$3.36,$9.94,$10.50,$11.05,4,$2.69,6.25,$4.20,29/04/2022,,,
112,KM,Comoros,SUB-SAHARAN AFRICA,17,500,KMF,0.00215,$1.08,$3.21,$4.38,$5.27,416.67,$0.90,"2,000.00",$4.30,27/04/2022,,,
113,KN,Saint Kitts and Nevis,CARIBBEAN,21,5,XCD,0.37002,$1.85,$3.70,$11.07,$14.90,3,$1.11,10,$3.70,27/04/2022,,,
114,KR,South Korea,ASIA (EX. NEAR EAST),9,"16,463.33",KRW,0.00076,$12.55,$4.72,$10.94,$9.21,735,$0.56,"109,633.33",$83.54,27/04/2022,,,
115,KW,Kuwait,NEAR EAST,22,0.22,KWD,3.24525,$0.71,$0.81,$0.77,$2.01,0.01,$0.03,30,$97.35,27/04/2022,,,
116,KY,Cayman Islands,CARIBBEAN,13,8.75,KYD,1.19198,$10.43,$11.97,$23.05,$26.79,3,$3.58,15,$17.88,27/04/2022,,,
117,KZ,Kazakhstan,CIS (FORMER USSR),23,177.22,KZT,0.0021,$0.37,$0.59,$0.46,$0.49,107.27,$0.23,990,$2.08,27/04/2022,,,
118,LA,Lao People's Democratic Republic,ASIA (EX. NEAR EAST),35,"15,000.00",LAK,0.00007,$0.99,$3.19,$4.16,$3.42,"1,000.00",$0.07,"333,333.33",$22.03,27/04/2022,,,
119,LB,Lebanon,NEAR EAST,14,3,USD,1,$3.00,$4.81,$3.82,$5.84,0.97,$0.97,22.4,$22.40,13/05/2022,,,
120,LC,Saint Lucia,CARIBBEAN,14,7.33,XCD,0.37002,$2.71,$2.62,$3.27,$4.84,3.94,$1.46,12,$4.44,27/04/2022,,,
121,LI,Liechtenstein,WESTERN EUROPE,7,3.98,CHF,1.01481,$4.04,$3.10,$4.01,$7.99,0.2,$0.20,22.5,$22.86,23/05/2022,,,
122,LK,Sri Lanka,ASIA (EX. NEAR EAST),32,98.7,LKR,0.00276,$0.27,$0.38,$0.51,$0.78,12.81,$0.04,980,$2.70,27/04/2022,,,
123,LR,Liberia,SUB-SAHARAN AFRICA,37,2.63,USD,1,$2.63,$2.59,$3.25,$3.75,1.67,$1.67,14.5,$14.50,27/04/2022,,,
124,LS,Lesotho,SUB-SAHARAN AFRICA,29,37.6,LSL,0.05843,$2.20,$2.66,$2.13,$7.19,19,$1.11,100,$5.84,27/04/2022,,,
125,LT,Lithuania,BALTICS,20,1.17,EUR,1.00021,$1.17,$1.38,$1.85,$2.06,0.28,$0.28,10.2,$10.21,27/04/2022,,,
126,LU,Luxembourg,WESTERN EUROPE,16,2,EUR,1.00021,$2.00,$3.00,$3.89,$13.95,0.73,$0.73,7,$7.01,28/04/2022,,,
127,LV,Latvia,BALTICS,11,3,EUR,1.00021,$3.00,$3.49,$3.79,$18.12,0.67,$0.67,47.5,$47.56,28/04/2022,,,
128,LY,Libya,NORTHERN AFRICA,10,3,LYD,0.20372,$0.61,$0.74,$4.73,$4.87,1,$0.20,10,$2.04,28/04/2022,,,
129,MA,Morocco,NORTHERN AFRICA,21,7.07,MAD,0.09766,$0.69,$0.88,$0.99,$1.66,4.45,$0.44,24.5,$2.39,28/04/2022,,,
130,MC,Monaco,WESTERN EUROPE,3,0.4,EUR,1.00021,$0.40,$1.08,$0.98,$1.21,0.35,$0.35,0.43,$0.43,28/04/2022,,,
131,MD,Moldova,EASTERN EUROPE,12,4.96,MDL,0.05176,$0.26,$0.32,$1.12,$2.82,0.5,$0.03,50,$2.59,28/04/2022,,,
132,ME,Montenegro,EASTERN EUROPE,18,0.6,EUR,1.00021,$0.60,$2.12,$3.94,$2.83,0.07,$0.07,2.98,$2.98,28/04/2022,,,
133,MF,Saint-Martin (France),CARIBBEAN,23,2.49,EUR,1.00021,$2.49,$3.46,$3.32,$8.46,0.5,$0.50,90,$90.11,29/04/2022,,,
134,MG,Madagascar,SUB-SAHARAN AFRICA,44,"6,250.00",MGA,0.00024,$1.52,$5.14,$8.81,$7.24,588.24,$0.14,"50,000.00",$12.13,29/04/2022,,,
135,MK,Macedonia,EASTERN EUROPE,20,56.38,MKD,0.01627,$0.92,$0.96,$1.75,$3.62,10,$0.16,300,$4.88,29/04/2022,,,
136,ML,Mali,SUB-SAHARAN AFRICA,19,"1,800.00",XOF,0.00153,$2.76,$3.28,$4.12,$12.37,370.37,$0.57,"25,000.00",$38.27,29/04/2022,,,
137,MM,Myanmar,ASIA (EX. NEAR EAST),39,"2,078.29",MMK,0.00054,$1.11,$0.78,$0.78,$0.87,"1,865.67",$1.00,"2,796.00",$1.50,3/05/2022,,,
138,MN,Mongolia,ASIA (EX. NEAR EAST),32,"1,805.56",MNT,0.00031,$0.67,$0.60,$0.74,$0.82,500,$0.19,"50,000.00",$18.50,3/05/2022,,,
139,MO,Macau,ASIA (EX. NEAR EAST),9,9.2,MOP,0.12286,$1.13,$1.93,$2.89,$17.10,5.53,$0.68,15.6,$1.92,3/05/2022,,,
140,MP,Northern Mariana Islands,OCEANIA,2,2.33,USD,1,$2.33,$2.15,$2.65,$12.97,2,$2.00,2.67,$2.67,24/05/2022,,,
141,MQ,Martinique,CARIBBEAN,12,1.33,EUR,1.00021,$1.33,$3.46,$2.60,$7.12,0.35,$0.35,90,$90.11,3/05/2022,,,
142,MR,Mauritania,NORTHERN AFRICA,17,100,MRO,0.02738,$2.74,$5.56,$4.63,$9.49,100,$2.74,"1,000.00",$27.38,3/05/2022,,,
143,MS,Montserrat,CARIBBEAN,9,7,XCD,0.37002,$2.59,$4.01,$8.33,$4.92,2.5,$0.93,16,$5.92,3/05/2022,,,
144,MT,Malta,WESTERN EUROPE,14,2.97,EUR,1.00021,$2.97,$2.01,$3.62,$13.10,1,$1.00,49.9,$49.96,3/05/2022,,,
145,MU,Mauritius,SUB-SAHARAN AFRICA,25,39,MUR,0.02232,$0.87,$0.75,$2.48,$0.51,1.45,$0.03,400,$8.93,3/05/2022,,,
146,MV,Maldives,ASIA (EX. NEAR EAST),54,35.29,MVR,0.06515,$2.30,$3.24,$3.88,$5.79,7.14,$0.47,400,$26.06,3/05/2022,,,
147,MW,Malawi,SUB-SAHARAN AFRICA,30,"2,500.00",MWK,0.00097,$2.42,$25.46,$27.41,$3.59,625,$0.60,"20,000.00",$19.33,3/05/2022,,,
148,MX,Mexico,CENTRAL AMERICA,26,60.33,MXN,0.04782,$2.89,$3.62,$4.77,$15.05,25.75,$1.23,166.33,$7.96,3/05/2022,,,
149,MY,Malaysia,ASIA (EX. NEAR EAST),51,2,MYR,0.22538,$0.45,$0.89,$1.12,$1.66,0.49,$0.11,24,$5.41,3/05/2022,,,
150,MZ,Mozambique,SUB-SAHARAN AFRICA,51,85.23,MZN,0.01566,$1.33,$2.79,$3.33,$12.82,12.5,$0.20,"4,990.00",$78.13,3/05/2022,,,
151,NA,Namibia,SUB-SAHARAN AFRICA,31,156.67,NAD,0.06716,$10.52,$22.37,$4.78,$11.02,20.32,$1.36,402.5,$27.03,4/05/2022,,,
152,NC,New Caledonia,OCEANIA,6,586.67,XPF,0.00884,$5.18,$6.49,$4.81,$7.21,215,$1.90,"1,980.00",$17.50,4/05/2022,,,
153,NE,Niger,SUB-SAHARAN AFRICA,32,"1,208.33",XOF,0.00153,$1.85,$1.28,$3.30,$25.52,500,$0.77,"5,000.00",$7.65,4/05/2022,,,
154,NG,Nigeria,SUB-SAHARAN AFRICA,59,300,NGN,0.00237,$0.71,$0.88,$1.39,$7.91,100,$0.24,"1,250.00",$2.96,4/05/2022,,,
155,NI,Nicaragua,CENTRAL AMERICA,10,25.42,NIO,0.02769,$0.70,$0.94,$1.71,$65.83,20,$0.55,42.86,$1.19,24/05/2022,,,
156,NL,Netherlands,WESTERN EUROPE,45,1.9,EUR,1.00021,$1.90,$3.11,$2.98,$4.62,0.58,$0.58,140,$140.17,4/05/2022,,,
157,NO,Norway,WESTERN EUROPE,8,45.49,NOK,0.09745,$4.44,$5.81,$5.28,$5.33,22.45,$2.19,124.5,$12.14,4/05/2022,,,
158,NP,Nepal,ASIA (EX. NEAR EAST),36,34.59,NPR,0.00782,$0.27,$0.61,$0.86,$2.25,8.33,$0.07,250,$1.95,4/05/2022,,,
159,NR,Nauru,OCEANIA,5,7.97,AUD,0.67161,$5.36,$7.62,$30.47,$28.13,4.02,$2.70,10,$6.72,24/05/2022,,,
,NU,Niue,OCEANIA,,,,,,$7.37,$4.50,$9.20,,,,,,,,
160,NZ,New Zealand,OCEANIA,45,11,NZD,0.61036,$6.72,$6.99,$6.06,$9.79,1.58,$0.96,50,$30.53,4/05/2022,,,
161,OM,Oman,NEAR EAST,43,1.13,OMR,2.59739,$2.92,$2.12,$4.58,$11.28,0.6,$1.56,4,$10.39,4/05/2022,,,
162,PA,Panama,CENTRAL AMERICA,12,3,PAB,0.99342,$2.98,$4.49,$6.69,$4.69,0.83,$0.83,5.71,$5.68,4/05/2022,,,
163,PE,Peru,SOUTH AMERICA,11,3.99,PEN,0.2539,$1.01,$1.15,$2.13,$2.48,2.5,$0.63,4.98,$1.27,4/05/2022,,,
164,PF,French Polynesia,OCEANIA,16,83.77,XPF,0.00884,$0.74,$4.20,$15.42,$4.96,54.44,$0.48,850,$7.51,4/05/2022,,,
165,PG,Papua New Guinea,OCEANIA,36,9.38,PGK,0.27833,$2.61,$2.26,$5.40,$12.14,1.49,$0.42,33.33,$9.28,4/05/2022,,,
166,PH,Philippines,ASIA (EX. NEAR EAST),22,29.15,PHP,0.01772,$0.52,$1.77,$1.42,$3.16,7.68,$0.14,119.8,$2.12,4/05/2022,,,
167,PK,Pakistan,ASIA (EX. NEAR EAST),47,75,PKR,0.00478,$0.36,$0.59,$0.69,$1.85,9.98,$0.05,"2,340.00",$11.20,5/05/2022,,,
168,PL,Poland,EASTERN EUROPE,28,1.97,PLN,0.20627,$0.41,$0.64,$0.70,$1.32,0.67,$0.14,40,$8.29,5/05/2022,,,
169,PM,St. Pierre and Miquelon,CARIBBEAN,4,2.74,EUR,1.00021,$2.75,,,,0.5,$0.50,19.9,$19.92,5/05/2022,,,
170,PR,Puerto Rico,CARIBBEAN,7,1.93,USD,1,$1.93,4,9.166666667,14.61205279,1,$1.00,4,$4.00,5/05/2022,,,
171,PS,Palestine,NEAR EAST,22,7.17,ILS,0.28652,$2.05,$1.71,$3.26,$6.56,1.48,$0.42,55,$15.77,23/05/2022,,,
172,PT,Portugal,WESTERN EUROPE,16,3.67,EUR,1.00021,$3.67,$3.85,$4.97,$13.98,1,$1.00,60,$60.07,5/05/2022,,,
173,PW,Palau,OCEANIA,9,1.67,USD,1,$1.67,$1.67,$2.50,$8.34,1,$1.00,2.5,$2.50,6/05/2022,,,
174,PY,Paraguay,SOUTH AMERICA,55,"7,500.00",PYG,0.00014,$1.08,$2.53,$2.30,$11.56,277.78,$0.04,"35,000.00",$5.06,6/05/2022,,,
175,QA,Qatar,NEAR EAST,7,25,QAR,0.27465,$6.87,$3.20,$4.12,$12.57,15,$4.12,30,$8.24,6/05/2022,,,
176,RE,Réunion,SUB-SAHARAN AFRICA,9,0.7,EUR,1.00021,$0.70,$0.76,$0.72,$1.65,0.32,$0.33,99.9,$100.02,6/05/2022,,,
177,RO,Romania,EASTERN EUROPE,16,0.45,EUR,1.00021,$0.45,$1.18,$1.03,$1.89,0.07,$0.07,1,$1.00,6/05/2022,,,
178,RS,Serbia,EASTERN EUROPE,16,88.92,RSD,0.00852,$0.76,$1.30,$1.60,$4.83,14.99,$0.13,600,$5.12,6/05/2022,,,
179,RU,Russia,CIS (FORMER USSR),19,28.5,RUB,0.01684,$0.48,$0.29,$0.52,$0.91,12,$0.20,98,$1.66,11/05/2022,,,
180,RW,Rwanda,SUB-SAHARAN AFRICA,13,"1,000.00",RWF,0.00097,$1.10,$1.25,$1.48,$3.79,300,$0.33,"6,666.67",$7.33,11/05/2022,,,
181,SA,Saudi Arabia,NEAR EAST,24,5.72,SAR,0.26642,$1.52,$1.47,$2.12,$5.62,2.29,$0.61,40.25,$10.72,11/05/2022,,,
182,SB,Solomon Is.,OCEANIA,31,55,SBD,0.12255,$6.74,$7.83,$8.53,$8.37,7,$0.86,73.33,$8.99,11/05/2022,,,
183,SC,Seychelles,SUB-SAHARAN AFRICA,19,162.43,SCR,0.07778,$12.66,$8.64,$11.43,$19.55,42.54,$3.32,489.57,$38.16,11/05/2022,,,
184,SD,Sudan,SUB-SAHARAN AFRICA,44,340.3,SDG,0.00219,$0.75,$0.27,$0.63,$0.68,14.89,$0.03,"6,407.70",$14.04,11/05/2022,,,
185,SE,Sweden,WESTERN EUROPE,13,19.93,SEK,0.09387,$1.88,$1.45,$2.07,$3.66,5.98,$0.56,76.33,$7.18,11/05/2022,,,
186,SG,Singapore,ASIA (EX. NEAR EAST),20,0.86,SGD,0.71037,$0.61,$1.09,$2.47,$2.87,0.1,$0.07,5,$3.55,12/05/2022,,,
187,SH,Saint Helena,SUB-SAHARAN AFRICA,4,31.94,SHP,1.18834,$41.06,$39.87,$52.50,$6.04,30.9,$39.73,41.2,$52.97,11/05/2022,,,
188,SI,Slovenia,EASTERN EUROPE,12,1.61,EUR,1.00021,$1.62,$1.72,$1.48,$2.21,0.32,$0.32,9.88,$9.89,11/05/2022,,,
,SJ,Svalbard and Jan Mayen,WESTERN EUROPE,,,,,,$4.65,$5.90,$11.76,,,,,,,,
189,SK,Slovakia,EASTERN EUROPE,17,2.6,EUR,1.00021,$2.60,$3.55,$3.84,$7.38,0.25,$0.25,32,$32.04,12/05/2022,,,
190,SL,Sierra Leone,SUB-SAHARAN AFRICA,41,"16,611.11",SLL,0.00008,$1.26,$3.26,$3.69,$9.22,"4,000.00",$0.30,"1,600,000.00",$121.49,2/06/2022,,,
191,SM,San Marino,WESTERN EUROPE,2,0.14,EUR,1.00021,$0.14,$0.43,$1.16,$6.86,0.08,$0.08,0.2,$0.20,12/05/2022,,,
192,SN,Senegal,SUB-SAHARAN AFRICA,28,"1,000.00",XOF,0.00153,$1.53,$0.94,$3.30,$3.28,285.71,$0.44,"5,000.00",$7.65,12/05/2022,,,
193,SO,Somalia,SUB-SAHARAN AFRICA,18,0.63,USD,1,$0.63,$0.60,$0.50,$6.19,0.3,$0.30,1.67,$1.67,12/05/2022,,,
194,SR,Suriname,SOUTH AMERICA,10,40.04,SRD,0.0445,$1.78,$1.94,$4.92,$6.08,6.49,$0.29,63.79,$2.84,12/05/2022,,,
195,SS,S. Sudan,SUB-SAHARAN AFRICA,58,327.29,SSP,0.00768,$2.51,,,,55.7,$0.43,"5,486.40",$42.14,12/05/2022,,,
196,ST,São Tomé and Príncipe,SUB-SAHARAN AFRICA,13,66.67,STN,0.04193,$29.49,$30.97,$28.26,$5.33,30,$13.27,366.67,$162.20,12/05/2022,,,
197,SV,El Salvador,CENTRAL AMERICA,42,1.27,USD,1,$1.27,1.333333333,1.45,4.550329394,0.5,$0.50,20,$20.00,12/05/2022,,,
198,SX,Sint Maarten,CARIBBEAN,32,5.81,ANG,0.55127,$3.20,$4.17,$4.66,$21.64,0.57,$0.32,12.45,$6.86,12/05/2022,,,
199,SY,Syria,NEAR EAST,10,"4,416.67",SYP,0.0004,$8.57,$7.15,$6.55,$4.14,"2,600.00",$5.04,"20,000.00",$38.80,12/05/2022,,,
200,SZ,Eswatini,SUB-SAHARAN AFRICA,6,14.38,SZL,0.05842,$0.84,$2.24,$13.31,$5.25,6.67,$0.39,"1,000.00",$58.42,13/05/2022,,,
201,TC,Turks and Caicos Islands,CARIBBEAN,11,7,USD,1,$7.00,$8.00,$13.33,$23.09,5.5,$5.50,8.6,$8.60,13/05/2022,,,
202,TD,Chad,SUB-SAHARAN AFRICA,24,"3,333.33",XAF,0.00153,$5.10,$23.33,$23.33,$23.33,"1,250.00",$1.91,"25,000.00",$38.27,13/05/2022,,,
203,TG,Togo,SUB-SAHARAN AFRICA,16,"8,452.38",XOF,0.00153,$12.94,$4.69,$4.50,$15.12,"4,500.00",$6.89,"15,000.00",$22.96,16/05/2022,,,
204,TH,Thailand,ASIA (EX. NEAR EAST),14,13.64,THB,0.02752,$0.38,$1.06,$1.23,$2.78,6.65,$0.18,199.33,$5.49,16/05/2022,,,
205,TJ,Tajikistan,CIS (FORMER USSR),22,20.61,TJS,0.09434,$1.94,$2.60,$4.65,$4.10,9.95,$0.94,150,$14.15,16/05/2022,,,
206,TK,Tokelau,OCEANIA,6,29.27,NZD,0.61036,$17.88,$20.48,$17.75,$29.96,22.22,$13.57,40,$24.43,16/05/2022,,,
207,TL,Timor-Leste,ASIA (EX. NEAR EAST),41,2.16,USD,1,$2.16,$1.67,$2.08,$4.48,1.25,$1.25,11.67,$11.67,16/05/2022,,,
208,TM,Turkmenistan,CIS (FORMER USSR),9,50,TMT,0.28542,$14.27,$21.41,$11.44,$19.81,25,$7.14,106.67,$30.44,16/05/2022,,,
209,TN,Tunisia,NORTHERN AFRICA,16,3.71,TND,0.32533,$1.21,$1.09,$1.37,$3.67,1.16,$0.38,11.46,$3.73,16/05/2022,,,
210,TO,Tonga,OCEANIA,22,2.83,TOP,0.4229,$1.19,$1.28,$3.41,$2.92,2,$0.85,20,$8.46,16/05/2022,,,
211,TR,Turkey,NEAR EAST,25,6.71,TRY,0.05753,$0.39,$0.63,$0.72,$2.25,0.5,$0.03,84.62,$4.87,16/05/2022,,,
212,TT,Trinidad and Tobago,CARIBBEAN,11,6.7,TTD,0.14614,$0.98,$1.90,$5.92,$2.69,0.98,$0.14,22.29,$3.26,16/05/2022,,,
213,TV,Tuvalu,OCEANIA,7,11.11,AUD,0.67161,$7.47,$6.35,,$12.42,4,$2.69,13.33,$8.96,17/05/2022,,,
214,TW,Taiwan,ASIA (EX. NEAR EAST),11,22.19,TWD,0.03345,$0.74,$5.67,$5.91,$12.02,11.99,$0.40,66.33,$2.22,17/05/2022,,,
215,TZ,Tanzania,SUB-SAHARAN AFRICA,60,"1,666.67",TZS,0.00043,$0.71,$0.75,$0.73,$3.71,833.33,$0.36,"24,997.50",$10.72,18/05/2022,,,
216,UA,Ukraine,CIS (FORMER USSR),12,12.83,UAH,0.03361,$0.43,$0.75,$0.46,$5.93,5,$0.17,50,$1.68,18/05/2022,,,
217,UG,Uganda,SUB-SAHARAN AFRICA,59,"5,000.00",UGX,0.00026,$1.32,$1.56,$1.62,$5.02,"1,851.85",$0.49,"60,000.00",$15.81,19/05/2022,,,
218,US,United States of America,NORTHERN AMERICA,42,5.62,USD,1,$5.62,$3.33,$8.00,$8.34,1.67,$1.67,120.6,$120.60,19/05/2022,,,
219,UY,Uruguay,SOUTH AMERICA,20,10.75,UYU,0.02481,$0.27,$1.51,$1.58,$2.80,9.5,$0.24,572.5,$14.20,19/05/2022,,,
220,UZ,Uzbekistan,CIS (FORMER USSR),28,"4,083.33",UZS,0.00009,$0.37,$0.60,$1.34,$3.27,"1,375.00",$0.13,"30,000.00",$2.73,19/05/2022,,,
221,VC,Saint Vincent and the Grenadines,CARIBBEAN,13,6,XCD,0.37002,$2.22,$2.41,$3.33,$3.58,3.57,$1.32,10,$3.70,19/05/2022,,,
222,VE,Venezuela,SOUTH AMERICA,13,6,XCD,0.37002,$2.22,,,,3.57,$1.32,10,$3.70,19/05/2022,,,
223,VG,Virgin Islands (British),CARIBBEAN,17,6.88,USD,1,$6.88,$9.54,$12.50,$18.55,3.38,$3.38,17.5,$17.50,20/05/2022,,,
224,VI,Virgin Islands (U.S.),CARIBBEAN,2,4.56,USD,1,$4.56,2,4.666666667,4.974747475,3.13,$3.13,6,$6.00,20/05/2022,,,
225,VN,Vietnam,ASIA (EX. NEAR EAST),25,"14,214.29",VND,0.00004,$0.61,$0.49,$0.57,$1.31,"1,983.33",$0.08,"35,208.33",$1.51,20/05/2022,,,
226,VU,Vanuatu,OCEANIA,25,200,VUV,0.00843,$1.70,$6.06,$4.25,,88.89,$0.75,"2,000.00",$16.98,20/05/2022,,,
227,WS,Samoa,OCEANIA,28,2.5,WST,0.36574,$0.94,$0.56,$10.86,$30.09,1,$0.37,14.97,$5.60,20/05/2022,,,
228,XK,Kosovo,EASTERN EUROPE,11,1.2,EUR,1.00021,$1.20,,,,0.94,$0.94,1.99,$1.99,20/05/2022,,,
229,YE,Yemen,NEAR EAST,20,"4,150.00",YER,0.004,$16.58,$15.98,$15.98,$15.73,"1,000.00",$4.00,"11,000.00",$43.96,20/05/2022,,,
230,YT,Mayotte,SUB-SAHARAN AFRICA,8,1.23,EUR,1.00021,$1.23,0.824640606,1.08499,2.22334997,0.1,$0.10,40,$40.05,20/05/2022,,,
231,ZA,South Africa,SUB-SAHARAN AFRICA,57,34.92,ZAR,0.05829,$2.04,$2.67,$4.30,$7.77,1.2,$0.07,379,$22.12,23/05/2022,,,
232,ZM,Zambia,SUB-SAHARAN AFRICA,47,20,ZMW,0.068,$1.36,$1.13,$1.36,$2.25,6.67,$0.45,450,$30.60,23/05/2022,,,
233,ZW,Zimbabwe,SUB-SAHARAN AFRICA,17,4.26,USD,1,$4.26,,,,1.73,$1.73,12.92,$12.92,24/05/2022,,,
,,,,,,,,,,,,,,,,,,,
