,Country code,Name,Continental region,Cheapest 1GB (USD),Most expensive 1GB (USD),Year,Average_Price
154,NI,Nicaragua,CENTRAL AMERICA,$0.55,$1.19,2019,65.83
66,FK,Falkland Is.,SOUTH AMERICA,$25.63,$70.99,2019,55.47
82,GQ,Eq. Guinea,SUB-SAHARAN AFRICA,$4.37,$15.31,2019,47.39
53,DJ,Djibouti,SUB-SAHARAN AFRICA,$0.47,$27.90,2019,37.92
25,BM,Bermuda,NORTHERN AMERICA,$1.00,$19.00,2019,37.74
51,CZ,Czech Republic,EASTERN EUROPE,$0.88,$18.27,2019,32.71
228,WS,Samoa,OCEANIA,$0.37,$5.60,2019,30.09
207,TK,Tokelau,OCEANIA,$13.57,$24.43,2019,29.96
158,NR,Nauru,OCEANIA,$2.70,$6.72,2019,28.13
115,KY,Cayman Islands,CARIBBEAN,$3.58,$17.88,2019,26.79
152,NE,Niger,SUB-SAHARAN AFRICA,$0.77,$7.65,2019,25.52
203,TD,Chad,SUB-SAHARAN AFRICA,$1.91,$38.27,2019,23.33
202,TC,Turks and Caicos Islands,CARIBBEAN,$5.50,$8.60,2019,23.09
199,SX,Sint Maarten,CARIBBEAN,$0.32,$6.86,2019,21.64
23,BJ,Benin,SUB-SAHARAN AFRICA,$1.53,$51.02,2019,20.99
50,CY,Cyprus,NEAR EAST,$0.40,$133.49,2019,20.25
39,CH,Switzerland,WESTERN EUROPE,$0.51,$20.32,2019,20.22
209,TM,Turkmenistan,CIS (FORMER USSR),$7.14,$30.44,2019,19.81
183,SC,Seychelles,SUB-SAHARAN AFRICA,$3.32,$38.16,2019,19.55
22,BI,Burundi,SUB-SAHARAN AFRICA,$0.37,$4.82,2019,18.79
224,VG,Virgin Islands (British),CARIBBEAN,$3.38,$17.50,2019,18.55
126,LV,Latvia,BALTICS,$0.67,$47.56,2019,18.12
138,MO,Macau,ASIA (EX. NEAR EAST),$0.68,$1.92,2019,17.1
49,CW,Curaçao,CARIBBEAN,$0.92,$19.61,2019,16.91
32,BW,Botswana,SUB-SAHARAN AFRICA,$9.36,$31.26,2019,16.79
16,BB,Barbados,CARIBBEAN,$5.41,$11.07,2019,15.82
230,YE,Yemen,NEAR EAST,$4.00,$43.96,2019,15.73
204,TG,Togo,SUB-SAHARAN AFRICA,$6.89,$22.96,2019,15.12
147,MX,Mexico,CENTRAL AMERICA,$1.23,$7.96,2019,15.05
112,KN,Saint Kitts and Nevis,CARIBBEAN,$1.11,$3.70,2019,14.9
55,DM,Dominica,CARIBBEAN,$0.78,$2.10,2019,14.6
4,AI,Anguilla,CARIBBEAN,$1.11,$5.92,2019,14.12
172,PT,Portugal,WESTERN EUROPE,$1.00,$60.07,2019,13.98
125,LU,Luxembourg,WESTERN EUROPE,$0.73,$7.01,2019,13.95
74,GF,French Guiana,SOUTH AMERICA,$0.35,$90.11,2019,13.41
35,CA,Canada,NORTHERN AMERICA,$1.66,$46.02,2019,13.21
143,MT,Malta,WESTERN EUROPE,$1.00,$49.96,2019,13.1
139,MP,Northern Mariana Islands,OCEANIA,$2.00,$2.67,2019,12.97
67,FM,Micronesia (Federated States of),OCEANIA,$0.83,$50.06,2019,12.87
149,MZ,Mozambique,SUB-SAHARAN AFRICA,$0.20,$78.13,2019,12.82
3,AG,Antigua and Barbuda,CARIBBEAN,$0.18,$12.58,2019,12.7
0,AD,Andorra,WESTERN EUROPE,$0.90,$55.07,2019,12.58
175,QA,Qatar,NEAR EAST,$4.12,$8.24,2019,12.57
214,TV,Tuvalu,OCEANIA,$2.69,$8.96,2019,12.42
135,ML,Mali,SUB-SAHARAN AFRICA,$0.57,$38.27,2019,12.37
87,GY,Guyana,SOUTH AMERICA,$3.47,$8.24,2019,12.3
165,PG,Papua New Guinea,OCEANIA,$0.42,$9.28,2019,12.14
215,TW,Taiwan,ASIA (EX. NEAR EAST),$0.40,$2.22,2019,12.02
72,GD,Grenada,CARIBBEAN,$0.37,$4.44,2019,12
189,SJ,Svalbard and Jan Mayen,WESTERN EUROPE,,,2019,11.76
86,GW,Guinea-Bissau,SUB-SAHARAN AFRICA,$1.09,$5.10,2019,11.71
174,PY,Paraguay,SOUTH AMERICA,$0.04,$5.06,2019,11.56
20,BG,Bulgaria,EASTERN EUROPE,$0.15,$18.41,2019,11.51
161,OM,Oman,NEAR EAST,$1.56,$10.39,2019,11.28
78,GL,Greenland,NORTHERN AMERICA,$1.34,$9.66,2019,11.12
110,KI,Kiribati,OCEANIA,$2.69,$4.20,2019,11.05
150,,Namibia,SUB-SAHARAN AFRICA,$1.36,$27.03,2019,11.02
106,JP,Japan,ASIA (EX. NEAR EAST),$1.10,$36.07,2019,10.4
19,BF,Burkina Faso,SUB-SAHARAN AFRICA,$1.53,$15.31,2019,10.26
1,AE,United Arab Emirates,NEAR EAST,$1.19,$11.29,2019,10.23
109,KH,Cambodia,ASIA (EX. NEAR EAST),$0.10,$1.43,2019,10.18
44,CN,China,ASIA (EX. NEAR EAST),$0.30,$0.45,2019,9.89
160,NZ,New Zealand,OCEANIA,$0.96,$30.53,2019,9.79
68,FO,Faroe Islands,WESTERN EUROPE,$0.94,$21.13,2019,9.78
28,BQ,Caribbean Netherlands,CARIBBEAN,$2.21,$19.61,2019,9.57
141,MR,Mauritania,NORTHERN AFRICA,$2.74,$27.38,2019,9.49
98,IO,British Indian Ocean Territory,ASIA (EX. NEAR EAST),$4.17,$7.14,2019,9.31
191,SL,Sierra Leone,SUB-SAHARAN AFRICA,$0.30,$121.49,2019,9.22
113,KR,South Korea,ASIA (EX. NEAR EAST),$0.56,$83.54,2019,9.21
159,NU,Niue,OCEANIA,,,2019,9.2
26,BN,Brunei,ASIA (EX. NEAR EAST),$1.18,$7.08,2019,8.51
132,MF,Saint-Martin (France),CARIBBEAN,$0.50,$90.11,2019,8.46
182,SB,Solomon Is.,OCEANIA,$0.86,$8.99,2019,8.37
173,PW,Palau,OCEANIA,$1.00,$2.50,2019,8.34
219,US,United States of America,NORTHERN AMERICA,$1.67,$120.60,2019,8.34
99,IQ,Iraq,NEAR EAST,$0.14,$10.21,2019,8
120,LI,Liechtenstein,WESTERN EUROPE,$0.20,$22.86,2019,7.99
7,AO,Angola,SUB-SAHARAN AFRICA,$0.93,$4.65,2019,7.95
153,NG,Nigeria,SUB-SAHARAN AFRICA,$0.24,$2.96,2019,7.91
232,ZA,South Africa,SUB-SAHARAN AFRICA,$0.07,$22.12,2019,7.77
8,AR,Argentina,SOUTH AMERICA,$0.47,$3.45,2019,7.4
190,SK,Slovakia,EASTERN EUROPE,$0.25,$32.04,2019,7.38
133,MG,Madagascar,SUB-SAHARAN AFRICA,$0.14,$12.13,2019,7.24
151,NC,New Caledonia,OCEANIA,$1.90,$17.50,2019,7.21
123,LS,Lesotho,SUB-SAHARAN AFRICA,$1.11,$5.84,2019,7.19
88,HK,Hong Kong,ASIA (EX. NEAR EAST),$0.25,$3.35,2019,7.15
140,MQ,Martinique,CARIBBEAN,$0.35,$90.11,2019,7.12
52,DE,Germany,WESTERN EUROPE,$0.50,$7.91,2019,6.96
58,EC,Ecuador,SOUTH AMERICA,$0.55,$4.00,2019,6.93
79,GM,Gambia,SUB-SAHARAN AFRICA,$2.24,$9.61,2019,6.89
192,SM,San Marino,WESTERN EUROPE,$0.08,$0.20,2019,6.86
71,GB,United Kingdom,WESTERN EUROPE,$0.12,$61.52,2019,6.66
171,PS,Palestine,NEAR EAST,$0.42,$15.77,2019,6.56
14,AZ,Azerbaijan,CIS (FORMER USSR),$0.35,$9.80,2019,6.42
194,SO,Somalia,SUB-SAHARAN AFRICA,$0.30,$1.67,2019,6.19
40,CI,Côte d'Ivoire,SUB-SAHARAN AFRICA,$0.77,$15.31,2019,6.18
195,SR,Suriname,SOUTH AMERICA,$0.29,$2.84,2019,6.08
81,GP,Guadeloupe,CARIBBEAN,$0.35,$90.11,2019,6.06
187,SH,Saint Helena,SUB-SAHARAN AFRICA,$39.73,$52.97,2019,6.04
37,CF,Central African Rep.,SUB-SAHARAN AFRICA,$2.55,$25.51,2019,6.03
27,BO,Bolivia,SOUTH AMERICA,$0.87,$7.22,2019,5.99
217,UA,Ukraine,CIS (FORMER USSR),$0.17,$1.68,2019,5.93
118,LB,Lebanon,NEAR EAST,$0.97,$22.40,2019,5.84
145,MV,Maldives,ASIA (EX. NEAR EAST),$0.47,$26.06,2019,5.79
73,GE,Georgia,CIS (FORMER USSR),$0.26,$2.92,2019,5.63
181,SA,Saudi Arabia,NEAR EAST,$0.61,$10.72,2019,5.62
12,AW,Aruba,CARIBBEAN,$0.66,$8.97,2019,5.56
41,CK,Cook Islands,OCEANIA,$1.30,$5.98,2019,5.56
156,NO,Norway,WESTERN EUROPE,$2.19,$12.14,2019,5.33
197,ST,São Tomé and Príncipe,SUB-SAHARAN AFRICA,$13.27,$162.20,2019,5.33
5,AL,Albania,EASTERN EUROPE,$0.55,$85.72,2019,5.28
111,KM,Comoros,SUB-SAHARAN AFRICA,$0.90,$4.30,2019,5.27
201,SZ,Eswatini,SUB-SAHARAN AFRICA,$0.39,$58.42,2019,5.25
57,DZ,Algeria,NORTHERN AFRICA,$0.14,$1.70,2019,5.15
24,BL,Saint Barthélemy (St. Barts),CARIBBEAN,$0.50,$90.11,2019,5.04
218,UG,Uganda,SUB-SAHARAN AFRICA,$0.49,$15.81,2019,5.02
164,PF,French Polynesia,OCEANIA,$0.48,$7.51,2019,4.96
30,BS,Bahamas,CARIBBEAN,$1.09,$9.93,2019,4.94
142,MS,Montserrat,CARIBBEAN,$0.93,$5.92,2019,4.92
83,GR,Greece,EASTERN EUROPE,$0.95,$23.60,2019,4.91
46,CR,Costa Rica,CENTRAL AMERICA,$1.39,$9.64,2019,4.89
127,LY,Libya,NORTHERN AFRICA,$0.20,$2.04,2019,4.87
84,GT,Guatemala,CENTRAL AMERICA,$0.59,$2.14,2019,4.84
119,LC,Saint Lucia,CARIBBEAN,$1.46,$4.44,2019,4.84
178,RS,Serbia,EASTERN EUROPE,$0.13,$5.12,2019,4.83
89,HN,Honduras,CENTRAL AMERICA,$0.42,$1.63,2019,4.69
162,PA,Panama,CENTRAL AMERICA,$0.83,$5.68,2019,4.69
13,AX,Åland Islands,WESTERN EUROPE,$3.98,$7.46,2019,4.64
155,NL,Netherlands,WESTERN EUROPE,$0.58,$140.17,2019,4.62
170,PR,Puerto Rico,CARIBBEAN,$1.00,$4.00,2019,4.61205279
38,CG,Congo,SUB-SAHARAN AFRICA,$0.36,$2.67,2019,4.57
80,GN,Guinea,SUB-SAHARAN AFRICA,$1.14,$3.73,2019,4.53
208,TL,Timor-Leste,ASIA (EX. NEAR EAST),$1.25,$11.67,2019,4.48
34,BZ,Belize,CENTRAL AMERICA,$1.28,$14.78,2019,4.39
85,GU,Guam,OCEANIA,$1.17,$2.17,2019,4.26
48,CV,Cape Verde,SUB-SAHARAN AFRICA,$2.28,$40.98,2019,4.25
200,SY,Syria,NEAR EAST,$5.04,$38.80,2019,4.14
206,TJ,Tajikistan,CIS (FORMER USSR),$0.94,$14.15,2019,4.1
90,HR,Croatia,EASTERN EUROPE,$0.43,$22.21,2019,4
94,IE,Ireland,WESTERN EUROPE,$0.50,$15.02,2019,3.95
103,JE,Jersey,WESTERN EUROPE,$0.47,$18.81,2019,3.82
180,RW,Rwanda,SUB-SAHARAN AFRICA,$0.33,$7.33,2019,3.79
101,IS,Iceland,WESTERN EUROPE,$0.15,$15.76,2019,3.78
122,LR,Liberia,SUB-SAHARAN AFRICA,$1.67,$14.50,2019,3.75
216,TZ,Tanzania,SUB-SAHARAN AFRICA,$0.36,$10.72,2019,3.71
59,EE,Estonia,BALTICS,$0.12,$99.92,2019,3.67
210,TN,Tunisia,NORTHERN AFRICA,$0.38,$3.73,2019,3.67
185,SE,Sweden,WESTERN EUROPE,$0.56,$7.18,2019,3.66
134,MK,Macedonia,EASTERN EUROPE,$0.16,$4.88,2019,3.62
146,MW,Malawi,SUB-SAHARAN AFRICA,$0.60,$19.33,2019,3.59
222,VC,Saint Vincent and the Grenadines,CARIBBEAN,$1.32,$3.70,2019,3.58
65,FJ,Fiji,OCEANIA,$0.07,$0.78,2019,3.57
29,BR,Brazil,SOUTH AMERICA,$0.09,$2.32,2019,3.5
117,LA,Lao People's Democratic Republic,ASIA (EX. NEAR EAST),$0.07,$22.03,2019,3.42
70,GA,Gabon,SUB-SAHARAN AFRICA,$1.20,$15.31,2019,3.39
96,IM,Isle of Man,WESTERN EUROPE,$0.40,$23.66,2019,3.33
193,SN,Senegal,SUB-SAHARAN AFRICA,$0.44,$7.65,2019,3.28
221,UZ,Uzbekistan,CIS (FORMER USSR),$0.13,$2.73,2019,3.27
45,CO,Colombia,SOUTH AMERICA,$0.17,$3.73,2019,3.22
166,PH,Philippines,ASIA (EX. NEAR EAST),$0.14,$2.12,2019,3.16
18,BE,Belgium,WESTERN EUROPE,$0.52,$18.02,2019,3.12
77,GI,Gibraltar,WESTERN EUROPE,$0.75,$2.10,2019,3.1
15,BA,Bosnia and Herz.,EASTERN EUROPE,$0.51,$64.17,2019,3.05
75,GG,Guernsey,WESTERN EUROPE,$0.48,$17.92,2019,3.05
93,ID,Indonesia,ASIA (EX. NEAR EAST),$0.13,$2.87,2019,2.99
211,TO,Tonga,OCEANIA,$0.85,$8.46,2019,2.92
92,HU,Hungary,EASTERN EUROPE,$0.12,$6.86,2019,2.91
186,SG,Singapore,ASIA (EX. NEAR EAST),$0.07,$3.55,2019,2.87
131,ME,Montenegro,EASTERN EUROPE,$0.07,$2.98,2019,2.83
130,MD,Moldova,EASTERN EUROPE,$0.03,$2.59,2019,2.82
220,UY,Uruguay,SOUTH AMERICA,$0.24,$14.20,2019,2.8
205,TH,Thailand,ASIA (EX. NEAR EAST),$0.18,$5.49,2019,2.78
107,KE,Kenya,SUB-SAHARAN AFRICA,$0.24,$4.23,2019,2.73
213,TT,Trinidad and Tobago,CARIBBEAN,$0.14,$3.26,2019,2.69
6,AM,Armenia,CIS (FORMER USSR),$0.39,$2.41,2019,2.51
163,PE,Peru,SOUTH AMERICA,$0.63,$1.27,2019,2.48
11,AU,Australia,OCEANIA,$0.13,$6.65,2019,2.47
104,JM,Jamaica,CARIBBEAN,$0.77,$3.75,2019,2.43
33,BY,Belarus,CIS (FORMER USSR),$0.45,$1.13,2019,2.36
157,NP,Nepal,ASIA (EX. NEAR EAST),$0.07,$1.95,2019,2.25
212,TR,Turkey,NEAR EAST,$0.03,$4.87,2019,2.25
233,ZM,Zambia,SUB-SAHARAN AFRICA,$0.45,$30.60,2019,2.25
188,SI,Slovenia,EASTERN EUROPE,$0.32,$9.89,2019,2.21
63,ET,Ethiopia,SUB-SAHARAN AFRICA,$0.80,$1.33,2019,2.06
124,LT,Lithuania,BALTICS,$0.28,$10.21,2019,2.06
114,KW,Kuwait,NEAR EAST,$0.03,$97.35,2019,2.01
21,BH,Bahrain,NEAR EAST,$0.60,$2.59,2019,2
9,AS,American Samoa,OCEANIA,$1.00,$14.97,2019,1.94
177,RO,Romania,EASTERN EUROPE,$0.07,$1.00,2019,1.89
10,AT,Austria,WESTERN EUROPE,$0.13,$2.38,2019,1.88
100,IR,Iran,ASIA (EX. NEAR EAST),$0.52,$10.63,2019,1.88
42,CL,Chile,SOUTH AMERICA,$0.03,$4.65,2019,1.87
167,PK,Pakistan,ASIA (EX. NEAR EAST),$0.05,$11.20,2019,1.85
105,JO,Jordan,NEAR EAST,$0.31,$1.41,2019,1.79
102,IT,Italy,WESTERN EUROPE,$0.05,$2.00,2019,1.73
43,CM,Cameroon,SUB-SAHARAN AFRICA,$0.51,$5.51,2019,1.71
128,MA,Morocco,NORTHERN AFRICA,$0.44,$2.39,2019,1.66
148,MY,Malaysia,ASIA (EX. NEAR EAST),$0.11,$5.41,2019,1.66
176,RE,Réunion,SUB-SAHARAN AFRICA,$0.33,$100.02,2019,1.65
2,AF,Afghanistan,ASIA (EX. NEAR EAST),$0.28,$2.82,2019,1.6
76,GH,Ghana,SUB-SAHARAN AFRICA,$0.20,$1.23,2019,1.56
31,BT,Bhutan,ASIA (EX. NEAR EAST),$0.22,$0.96,2019,1.49
60,EG,Egypt,NORTHERN AFRICA,$0.76,$1.32,2019,1.49
54,DK,Denmark,WESTERN EUROPE,$0.10,$3.54,2019,1.36
168,PL,Poland,EASTERN EUROPE,$0.14,$8.29,2019,1.32
226,VN,Vietnam,ASIA (EX. NEAR EAST),$0.08,$1.51,2019,1.31
56,DO,Dominican Rep.,CARIBBEAN,$0.34,$23.48,2019,1.28
91,HT,Haiti,CARIBBEAN,$0.14,$1.07,2019,1.25
69,FR,France,WESTERN EUROPE,$0.08,$49.96,2019,1.21
129,MC,Monaco,WESTERN EUROPE,$0.35,$0.43,2019,1.21
61,EH,W. Sahara,NORTHERN AFRICA,$0.44,$2.39,2019,1.18
64,FI,Finland,WESTERN EUROPE,$2.38,$9.99,2019,1.16
17,BD,Bangladesh,ASIA (EX. NEAR EAST),$0.01,$6.72,2019,0.99
225,VI,Virgin Islands (U.S.),CARIBBEAN,$3.13,$6.00,2019,0.974747475
179,RU,Russia,CIS (FORMER USSR),$0.20,$1.66,2019,0.91
95,IL,Israel,NEAR EAST,$0.02,$0.17,2019,0.9
136,MM,Myanmar,ASIA (EX. NEAR EAST),$1.00,$1.50,2019,0.87
137,MN,Mongolia,ASIA (EX. NEAR EAST),$0.19,$18.50,2019,0.82
121,LK,Sri Lanka,ASIA (EX. NEAR EAST),$0.04,$2.70,2019,0.78
184,SD,Sudan,SUB-SAHARAN AFRICA,$0.03,$14.04,2019,0.68
62,ES,Spain,WESTERN EUROPE,$0.11,$49.06,2019,0.56
198,SV,El Salvador,CENTRAL AMERICA,$0.50,$20.00,2019,0.550329394
144,MU,Mauritius,SUB-SAHARAN AFRICA,$0.03,$8.93,2019,0.51
116,KZ,Kazakhstan,CIS (FORMER USSR),$0.23,$2.08,2019,0.49
108,KG,Kyrgyzstan,CIS (FORMER USSR),$0.15,$0.40,2019,0.27
97,IN,India,ASIA (EX. NEAR EAST),$0.05,$8.10,2019,0.26
231,YT,Mayotte,SUB-SAHARAN AFRICA,$0.10,$40.05,2019,0.22334997
36,CC,Cocos (Keeling) Islands,OCEANIA,$3.02,$3.36,2019,
47,CU,Cuba,CARIBBEAN,$1.72,$5.17,2019,
169,PM,St. Pierre and Miquelon,CARIBBEAN,$0.50,$19.92,2019,
196,SS,S. Sudan,SUB-SAHARAN AFRICA,$0.43,$42.14,2019,
223,VE,Venezuela,SOUTH AMERICA,$1.32,$3.70,2019,
227,VU,Vanuatu,OCEANIA,$0.75,$16.98,2019,
229,XK,Kosovo,EASTERN EUROPE,$0.94,$1.99,2019,
234,ZW,Zimbabwe,SUB-SAHARAN AFRICA,$1.73,$12.92,2019,
235,,,,,,2019,
423,SH,Saint Helena,SUB-SAHARAN AFRICA,$39.73,$52.97,2020,52.5
302,FK,Falkland Is.,SOUTH AMERICA,$25.63,$70.99,2020,40.41
394,NR,Nauru,OCEANIA,$2.70,$6.72,2020,30.47
261,BM,Bermuda,NORTHERN AMERICA,$1.00,$19.00,2020,28.75
433,ST,São Tomé and Príncipe,SUB-SAHARAN AFRICA,$13.27,$162.20,2020,28.26
382,MW,Malawi,SUB-SAHARAN AFRICA,$0.60,$19.33,2020,27.41
259,BJ,Benin,SUB-SAHARAN AFRICA,$1.53,$51.02,2020,27.22
439,TD,Chad,SUB-SAHARAN AFRICA,$1.91,$38.27,2020,23.33
351,KY,Cayman Islands,CARIBBEAN,$3.58,$17.88,2020,23.05
443,TK,Tokelau,OCEANIA,$13.57,$24.43,2020,17.75
272,CC,Cocos (Keeling) Islands,OCEANIA,$3.02,$3.36,2020,16.98
466,YE,Yemen,NEAR EAST,$4.00,$43.96,2020,15.98
400,PF,French Polynesia,OCEANIA,$0.48,$7.51,2020,15.42
268,BW,Botswana,SUB-SAHARAN AFRICA,$9.36,$31.26,2020,13.87
286,CY,Cyprus,NEAR EAST,$0.40,$133.49,2020,13.56
283,CU,Cuba,CARIBBEAN,$1.72,$5.17,2020,13.33
438,TC,Turks and Caicos Islands,CARIBBEAN,$5.50,$8.60,2020,13.33
437,SZ,Eswatini,SUB-SAHARAN AFRICA,$0.39,$58.42,2020,13.31
318,GQ,Eq. Guinea,SUB-SAHARAN AFRICA,$4.37,$15.31,2020,12.78
271,CA,Canada,NORTHERN AMERICA,$1.66,$46.02,2020,12.55
460,VG,Virgin Islands (British),CARIBBEAN,$3.38,$17.50,2020,12.5
319,GR,Greece,EASTERN EUROPE,$0.95,$23.60,2020,12.06
445,TM,Turkmenistan,CIS (FORMER USSR),$7.14,$30.44,2020,11.44
419,SC,Seychelles,SUB-SAHARAN AFRICA,$3.32,$38.16,2020,11.43
348,KN,Saint Kitts and Nevis,CARIBBEAN,$1.11,$3.70,2020,11.07
285,CW,Curaçao,CARIBBEAN,$0.92,$19.61,2020,11.06
349,KR,South Korea,ASIA (EX. NEAR EAST),$0.56,$83.54,2020,10.94
464,WS,Samoa,OCEANIA,$0.37,$5.60,2020,10.86
346,KI,Kiribati,OCEANIA,$2.69,$4.20,2020,10.5
264,BQ,Caribbean Netherlands,CARIBBEAN,$2.21,$19.61,2020,9.95
314,GL,Greenland,NORTHERN AMERICA,$1.34,$9.66,2020,9.56
236,AD,Andorra,WESTERN EUROPE,$0.90,$55.07,2020,9.54
252,BB,Barbados,CARIBBEAN,$5.41,$11.07,2020,9.32
248,AW,Aruba,CARIBBEAN,$0.66,$8.97,2020,9.11
369,MG,Madagascar,SUB-SAHARAN AFRICA,$0.14,$12.13,2020,8.81
418,SB,Solomon Is.,OCEANIA,$0.86,$8.99,2020,8.53
275,CH,Switzerland,WESTERN EUROPE,$0.51,$20.32,2020,8.38
378,MS,Montserrat,CARIBBEAN,$0.93,$5.92,2020,8.33
273,CF,Central African Rep.,SUB-SAHARAN AFRICA,$2.55,$25.51,2020,8.25
455,US,United States of America,NORTHERN AMERICA,$1.67,$120.60,2020,8
287,CZ,Czech Republic,EASTERN EUROPE,$0.88,$18.27,2020,7.95
334,IO,British Indian Ocean Territory,ASIA (EX. NEAR EAST),$4.17,$7.14,2020,7.5
313,GI,Gibraltar,WESTERN EUROPE,$0.75,$2.10,2020,7.38
303,FM,Micronesia (Federated States of),OCEANIA,$0.83,$50.06,2020,7.2
239,AG,Antigua and Barbuda,CARIBBEAN,$0.18,$12.58,2020,7.17
398,PA,Panama,CENTRAL AMERICA,$0.83,$5.68,2020,6.69
436,SY,Syria,NEAR EAST,$5.04,$38.80,2020,6.55
396,NZ,New Zealand,OCEANIA,$0.96,$30.53,2020,6.06
266,BS,Bahamas,CARIBBEAN,$1.09,$9.93,2020,6.02
240,AI,Anguilla,CARIBBEAN,$1.11,$5.92,2020,5.92
449,TT,Trinidad and Tobago,CARIBBEAN,$0.14,$3.26,2020,5.92
451,TW,Taiwan,ASIA (EX. NEAR EAST),$0.40,$2.22,2020,5.91
425,SJ,Svalbard and Jan Mayen,WESTERN EUROPE,,,2020,5.9
323,GY,Guyana,SOUTH AMERICA,$3.47,$8.24,2020,5.46
401,PG,Papua New Guinea,OCEANIA,$0.42,$9.28,2020,5.4
308,GD,Grenada,CARIBBEAN,$0.37,$4.44,2020,5.37
328,HU,Hungary,EASTERN EUROPE,$0.12,$6.86,2020,5.32
243,AO,Angola,SUB-SAHARAN AFRICA,$0.93,$4.65,2020,5.29
392,NO,Norway,WESTERN EUROPE,$2.19,$12.14,2020,5.28
315,GM,Gambia,SUB-SAHARAN AFRICA,$2.24,$9.61,2020,5.1
263,BO,Bolivia,SOUTH AMERICA,$0.87,$7.22,2020,5.09
408,PT,Portugal,WESTERN EUROPE,$1.00,$60.07,2020,4.97
291,DM,Dominica,CARIBBEAN,$0.78,$2.10,2020,4.92
431,SR,Suriname,SOUTH AMERICA,$0.29,$2.84,2020,4.92
306,GA,Gabon,SUB-SAHARAN AFRICA,$1.20,$15.31,2020,4.89
254,BE,Belgium,WESTERN EUROPE,$0.52,$18.02,2020,4.88
284,CV,Cape Verde,SUB-SAHARAN AFRICA,$2.28,$40.98,2020,4.81
387,NC,New Caledonia,OCEANIA,$1.90,$17.50,2020,4.81
386,,Namibia,SUB-SAHARAN AFRICA,$1.36,$27.03,2020,4.78
383,MX,Mexico,CENTRAL AMERICA,$1.23,$7.96,2020,4.77
363,LY,Libya,NORTHERN AFRICA,$0.20,$2.04,2020,4.73
435,SX,Sint Maarten,CARIBBEAN,$0.32,$6.86,2020,4.66
442,TJ,Tajikistan,CIS (FORMER USSR),$0.94,$14.15,2020,4.65
377,MR,Mauritania,NORTHERN AFRICA,$2.74,$27.38,2020,4.63
397,OM,Oman,NEAR EAST,$1.56,$10.39,2020,4.58
395,NU,Niue,OCEANIA,,,2020,4.5
440,TG,Togo,SUB-SAHARAN AFRICA,$6.89,$22.96,2020,4.5
347,KM,Comoros,SUB-SAHARAN AFRICA,$0.90,$4.30,2020,4.38
468,ZA,South Africa,SUB-SAHARAN AFRICA,$0.07,$22.12,2020,4.3
463,VU,Vanuatu,OCEANIA,$0.75,$16.98,2020,4.25
335,IQ,Iraq,NEAR EAST,$0.14,$10.21,2020,4.2
353,LA,Lao People's Democratic Republic,ASIA (EX. NEAR EAST),$0.07,$22.03,2020,4.16
322,GW,Guinea-Bissau,SUB-SAHARAN AFRICA,$1.09,$5.10,2020,4.12
371,ML,Mali,SUB-SAHARAN AFRICA,$0.57,$38.27,2020,4.12
411,QA,Qatar,NEAR EAST,$4.12,$8.24,2020,4.12
260,BL,Saint Barthélemy (St. Barts),CARIBBEAN,$0.50,$90.11,2020,4.06
288,DE,Germany,WESTERN EUROPE,$0.50,$7.91,2020,4.06
356,LI,Liechtenstein,WESTERN EUROPE,$0.20,$22.86,2020,4.01
367,ME,Montenegro,EASTERN EUROPE,$0.07,$2.98,2020,3.94
342,JP,Japan,ASIA (EX. NEAR EAST),$1.10,$36.07,2020,3.91
361,LU,Luxembourg,WESTERN EUROPE,$0.73,$7.01,2020,3.89
340,JM,Jamaica,CARIBBEAN,$0.77,$3.75,2020,3.88
381,MV,Maldives,ASIA (EX. NEAR EAST),$0.47,$26.06,2020,3.88
426,SK,Slovakia,EASTERN EUROPE,$0.25,$32.04,2020,3.84
354,LB,Lebanon,NEAR EAST,$0.97,$22.40,2020,3.82
362,LV,Latvia,BALTICS,$0.67,$47.56,2020,3.79
237,AE,United Arab Emirates,NEAR EAST,$1.19,$11.29,2020,3.78
427,SL,Sierra Leone,SUB-SAHARAN AFRICA,$0.30,$121.49,2020,3.69
379,MT,Malta,WESTERN EUROPE,$1.00,$49.96,2020,3.62
310,GF,French Guiana,SOUTH AMERICA,$0.35,$90.11,2020,3.61
281,CO,Colombia,SOUTH AMERICA,$0.17,$3.73,2020,3.46
447,TO,Tonga,OCEANIA,$0.85,$8.46,2020,3.41
385,MZ,Mozambique,SUB-SAHARAN AFRICA,$0.20,$78.13,2020,3.33
458,VC,Saint Vincent and the Grenadines,CARIBBEAN,$1.32,$3.70,2020,3.33
368,MF,Saint-Martin (France),CARIBBEAN,$0.50,$90.11,2020,3.32
388,NE,Niger,SUB-SAHARAN AFRICA,$0.77,$7.65,2020,3.3
429,SN,Senegal,SUB-SAHARAN AFRICA,$0.44,$7.65,2020,3.3
355,LC,Saint Lucia,CARIBBEAN,$1.46,$4.44,2020,3.27
407,PS,Palestine,NEAR EAST,$0.42,$15.77,2020,3.26
270,BZ,Belize,CENTRAL AMERICA,$1.28,$14.78,2020,3.25
358,LR,Liberia,SUB-SAHARAN AFRICA,$1.67,$14.50,2020,3.25
249,AX,Åland Islands,WESTERN EUROPE,$3.98,$7.46,2020,3.24
294,EC,Ecuador,SOUTH AMERICA,$0.55,$4.00,2020,3.24
276,CI,Côte d'Ivoire,SUB-SAHARAN AFRICA,$0.77,$15.31,2020,3.2
325,HN,Honduras,CENTRAL AMERICA,$0.42,$1.63,2020,3.12
251,BA,Bosnia and Herz.,EASTERN EUROPE,$0.51,$64.17,2020,3.04
391,NL,Netherlands,WESTERN EUROPE,$0.58,$140.17,2020,2.98
374,MO,Macau,ASIA (EX. NEAR EAST),$0.68,$1.92,2020,2.89
241,AL,Albania,EASTERN EUROPE,$0.55,$85.72,2020,2.83
279,CM,Cameroon,SUB-SAHARAN AFRICA,$0.51,$5.51,2020,2.75
282,CR,Costa Rica,CENTRAL AMERICA,$1.39,$9.64,2020,2.74
327,HT,Haiti,CARIBBEAN,$0.14,$1.07,2020,2.74
375,MP,Northern Mariana Islands,OCEANIA,$2.00,$2.67,2020,2.65
262,BN,Brunei,ASIA (EX. NEAR EAST),$1.18,$7.08,2020,2.64
376,MQ,Martinique,CARIBBEAN,$0.35,$90.11,2020,2.6
324,HK,Hong Kong,ASIA (EX. NEAR EAST),$0.25,$3.35,2020,2.55
245,AS,American Samoa,OCEANIA,$1.00,$14.97,2020,2.5
409,PW,Palau,OCEANIA,$1.00,$2.50,2020,2.5
326,HR,Croatia,EASTERN EUROPE,$0.43,$22.21,2020,2.48
380,MU,Mauritius,SUB-SAHARAN AFRICA,$0.03,$8.93,2020,2.48
255,BF,Burkina Faso,SUB-SAHARAN AFRICA,$1.53,$15.31,2020,2.47
422,SG,Singapore,ASIA (EX. NEAR EAST),$0.07,$3.55,2020,2.47
299,ET,Ethiopia,SUB-SAHARAN AFRICA,$0.80,$1.33,2020,2.44
317,GP,Guadeloupe,CARIBBEAN,$0.35,$90.11,2020,2.42
304,FO,Faroe Islands,WESTERN EUROPE,$0.94,$21.13,2020,2.41
410,PY,Paraguay,SOUTH AMERICA,$0.04,$5.06,2020,2.3
257,BH,Bahrain,NEAR EAST,$0.60,$2.59,2020,2.27
256,BG,Bulgaria,EASTERN EUROPE,$0.15,$18.41,2020,2.22
320,GT,Guatemala,CENTRAL AMERICA,$0.59,$2.14,2020,2.17
300,FI,Finland,WESTERN EUROPE,$2.38,$9.99,2020,2.14
359,LS,Lesotho,SUB-SAHARAN AFRICA,$1.11,$5.84,2020,2.13
399,PE,Peru,SOUTH AMERICA,$0.63,$1.27,2020,2.13
258,BI,Burundi,SUB-SAHARAN AFRICA,$0.37,$4.82,2020,2.12
417,SA,Saudi Arabia,NEAR EAST,$0.61,$10.72,2020,2.12
316,GN,Guinea,SUB-SAHARAN AFRICA,$1.14,$3.73,2020,2.08
444,TL,Timor-Leste,ASIA (EX. NEAR EAST),$1.25,$11.67,2020,2.08
421,SE,Sweden,WESTERN EUROPE,$0.56,$7.18,2020,2.07
321,GU,Guam,OCEANIA,$1.17,$2.17,2020,2
274,CG,Congo,SUB-SAHARAN AFRICA,$0.36,$2.67,2020,1.94
250,AZ,Azerbaijan,CIS (FORMER USSR),$0.35,$9.80,2020,1.86
360,LT,Lithuania,BALTICS,$0.28,$10.21,2020,1.85
298,ES,Spain,WESTERN EUROPE,$0.11,$49.06,2020,1.81
370,MK,Macedonia,EASTERN EUROPE,$0.16,$4.88,2020,1.75
339,JE,Jersey,WESTERN EUROPE,$0.47,$18.81,2020,1.71
390,NI,Nicaragua,CENTRAL AMERICA,$0.55,$1.19,2020,1.71
332,IM,Isle of Man,WESTERN EUROPE,$0.40,$23.66,2020,1.66
454,UG,Uganda,SUB-SAHARAN AFRICA,$0.49,$15.81,2020,1.62
414,RS,Serbia,EASTERN EUROPE,$0.13,$5.12,2020,1.6
456,UY,Uruguay,SOUTH AMERICA,$0.24,$14.20,2020,1.58
238,AF,Afghanistan,ASIA (EX. NEAR EAST),$0.28,$2.82,2020,1.55
345,KH,Cambodia,ASIA (EX. NEAR EAST),$0.10,$1.43,2020,1.5
416,RW,Rwanda,SUB-SAHARAN AFRICA,$0.33,$7.33,2020,1.48
424,SI,Slovenia,EASTERN EUROPE,$0.32,$9.89,2020,1.48
337,IS,Iceland,WESTERN EUROPE,$0.15,$15.76,2020,1.46
244,AR,Argentina,SOUTH AMERICA,$0.47,$3.45,2020,1.45
402,PH,Philippines,ASIA (EX. NEAR EAST),$0.14,$2.12,2020,1.42
307,GB,United Kingdom,WESTERN EUROPE,$0.12,$61.52,2020,1.39
389,NG,Nigeria,SUB-SAHARAN AFRICA,$0.24,$2.96,2020,1.39
446,TN,Tunisia,NORTHERN AFRICA,$0.38,$3.73,2020,1.37
330,IE,Ireland,WESTERN EUROPE,$0.50,$15.02,2020,1.36
469,ZM,Zambia,SUB-SAHARAN AFRICA,$0.45,$30.60,2020,1.36
457,UZ,Uzbekistan,CIS (FORMER USSR),$0.13,$2.73,2020,1.34
295,EE,Estonia,BALTICS,$0.12,$99.92,2020,1.27
311,GG,Guernsey,WESTERN EUROPE,$0.48,$17.92,2020,1.24
441,TH,Thailand,ASIA (EX. NEAR EAST),$0.18,$5.49,2020,1.23
267,BT,Bhutan,ASIA (EX. NEAR EAST),$0.22,$0.96,2020,1.16
428,SM,San Marino,WESTERN EUROPE,$0.08,$0.20,2020,1.16
289,DJ,Djibouti,SUB-SAHARAN AFRICA,$0.47,$27.90,2020,1.12
366,MD,Moldova,EASTERN EUROPE,$0.03,$2.59,2020,1.12
384,MY,Malaysia,ASIA (EX. NEAR EAST),$0.11,$5.41,2020,1.12
296,EG,Egypt,NORTHERN AFRICA,$0.76,$1.32,2020,1.09
246,AT,Austria,WESTERN EUROPE,$0.13,$2.38,2020,1.08
242,AM,Armenia,CIS (FORMER USSR),$0.39,$2.41,2020,1.05
343,KE,Kenya,SUB-SAHARAN AFRICA,$0.24,$4.23,2020,1.05
341,JO,Jordan,NEAR EAST,$0.31,$1.41,2020,1.03
413,RO,Romania,EASTERN EUROPE,$0.07,$1.00,2020,1.03
265,BR,Brazil,SOUTH AMERICA,$0.09,$2.32,2020,1.01
297,EH,W. Sahara,NORTHERN AFRICA,$0.44,$2.39,2020,0.99
364,MA,Morocco,NORTHERN AFRICA,$0.44,$2.39,2020,0.99
365,MC,Monaco,WESTERN EUROPE,$0.35,$0.43,2020,0.98
312,GH,Ghana,SUB-SAHARAN AFRICA,$0.20,$1.23,2020,0.94
309,GE,Georgia,CIS (FORMER USSR),$0.26,$2.92,2020,0.93
269,BY,Belarus,CIS (FORMER USSR),$0.45,$1.13,2020,0.89
393,NP,Nepal,ASIA (EX. NEAR EAST),$0.07,$1.95,2020,0.86
305,FR,France,WESTERN EUROPE,$0.08,$49.96,2020,0.81
290,DK,Denmark,WESTERN EUROPE,$0.10,$3.54,2020,0.8
372,MM,Myanmar,ASIA (EX. NEAR EAST),$1.00,$1.50,2020,0.78
350,KW,Kuwait,NEAR EAST,$0.03,$97.35,2020,0.77
336,IR,Iran,ASIA (EX. NEAR EAST),$0.52,$10.63,2020,0.75
292,DO,Dominican Rep.,CARIBBEAN,$0.34,$23.48,2020,0.74
373,MN,Mongolia,ASIA (EX. NEAR EAST),$0.19,$18.50,2020,0.74
452,TZ,Tanzania,SUB-SAHARAN AFRICA,$0.36,$10.72,2020,0.73
412,RE,Réunion,SUB-SAHARAN AFRICA,$0.33,$100.02,2020,0.72
448,TR,Turkey,NEAR EAST,$0.03,$4.87,2020,0.72
278,CL,Chile,SOUTH AMERICA,$0.03,$4.65,2020,0.71
253,BD,Bangladesh,ASIA (EX. NEAR EAST),$0.01,$6.72,2020,0.7
404,PL,Poland,EASTERN EUROPE,$0.14,$8.29,2020,0.7
403,PK,Pakistan,ASIA (EX. NEAR EAST),$0.05,$11.20,2020,0.69
247,AU,Australia,OCEANIA,$0.13,$6.65,2020,0.68
461,VI,Virgin Islands (U.S.),CARIBBEAN,$3.13,$6.00,2020,0.666666667
293,DZ,Algeria,NORTHERN AFRICA,$0.14,$1.70,2020,0.65
329,ID,Indonesia,ASIA (EX. NEAR EAST),$0.13,$2.87,2020,0.64
420,SD,Sudan,SUB-SAHARAN AFRICA,$0.03,$14.04,2020,0.63
280,CN,China,ASIA (EX. NEAR EAST),$0.30,$0.45,2020,0.61
301,FJ,Fiji,OCEANIA,$0.07,$0.78,2020,0.59
462,VN,Vietnam,ASIA (EX. NEAR EAST),$0.08,$1.51,2020,0.57
415,RU,Russia,CIS (FORMER USSR),$0.20,$1.66,2020,0.52
357,LK,Sri Lanka,ASIA (EX. NEAR EAST),$0.04,$2.70,2020,0.51
430,SO,Somalia,SUB-SAHARAN AFRICA,$0.30,$1.67,2020,0.5
352,KZ,Kazakhstan,CIS (FORMER USSR),$0.23,$2.08,2020,0.46
453,UA,Ukraine,CIS (FORMER USSR),$0.17,$1.68,2020,0.46
434,SV,El Salvador,CENTRAL AMERICA,$0.50,$20.00,2020,0.45
338,IT,Italy,WESTERN EUROPE,$0.05,$2.00,2020,0.43
344,KG,Kyrgyzstan,CIS (FORMER USSR),$0.15,$0.40,2020,0.21
406,PR,Puerto Rico,CARIBBEAN,$1.00,$4.00,2020,0.166666667
331,IL,Israel,NEAR EAST,$0.02,$0.17,2020,0.11
333,IN,India,ASIA (EX. NEAR EAST),$0.05,$8.10,2020,0.09
467,YT,Mayotte,SUB-SAHARAN AFRICA,$0.10,$40.05,2020,0.08499
277,CK,Cook Islands,OCEANIA,$1.30,$5.98,2020,
405,PM,St. Pierre and Miquelon,CARIBBEAN,$0.50,$19.92,2020,
432,SS,S. Sudan,SUB-SAHARAN AFRICA,$0.43,$42.14,2020,
450,TV,Tuvalu,OCEANIA,$2.69,$8.96,2020,
459,VE,Venezuela,SOUTH AMERICA,$1.32,$3.70,2020,
465,XK,Kosovo,EASTERN EUROPE,$0.94,$1.99,2020,
470,ZW,Zimbabwe,SUB-SAHARAN AFRICA,$1.73,$12.92,2020,
471,,,,,,2020,
554,GQ,Eq. Guinea,SUB-SAHARAN AFRICA,$4.37,$15.31,2021,49.67
538,FK,Falkland Is.,SOUTH AMERICA,$25.63,$70.99,2021,44.56
659,SH,Saint Helena,SUB-SAHARAN AFRICA,$39.73,$52.97,2021,39.87
669,ST,São Tomé and Príncipe,SUB-SAHARAN AFRICA,$13.27,$162.20,2021,30.97
618,MW,Malawi,SUB-SAHARAN AFRICA,$0.60,$19.33,2021,25.46
675,TD,Chad,SUB-SAHARAN AFRICA,$1.91,$38.27,2021,23.33
622,,Namibia,SUB-SAHARAN AFRICA,$1.36,$27.03,2021,22.37
681,TM,Turkmenistan,CIS (FORMER USSR),$7.14,$30.44,2021,21.41
679,TK,Tokelau,OCEANIA,$13.57,$24.43,2021,20.48
497,BM,Bermuda,NORTHERN AMERICA,$1.00,$19.00,2021,19.8
702,YE,Yemen,NEAR EAST,$4.00,$43.96,2021,15.98
508,CC,Cocos (Keeling) Islands,OCEANIA,$3.02,$3.36,2021,13.47
587,KY,Cayman Islands,CARIBBEAN,$3.58,$17.88,2021,11.97
500,BQ,Caribbean Netherlands,CARIBBEAN,$2.21,$19.61,2021,10.94
582,KI,Kiribati,OCEANIA,$2.69,$4.20,2021,9.94
696,VG,Virgin Islands (British),CARIBBEAN,$3.38,$17.50,2021,9.54
509,CF,Central African Rep.,SUB-SAHARAN AFRICA,$2.55,$25.51,2021,9.03
522,CY,Cyprus,NEAR EAST,$0.40,$133.49,2021,8.84
655,SC,Seychelles,SUB-SAHARAN AFRICA,$3.32,$38.16,2021,8.64
555,GR,Greece,EASTERN EUROPE,$0.95,$23.60,2021,8.16
523,CZ,Czech Republic,EASTERN EUROPE,$0.88,$18.27,2021,8.15
674,TC,Turks and Caicos Islands,CARIBBEAN,$5.50,$8.60,2021,8
539,FM,Micronesia (Federated States of),OCEANIA,$0.83,$50.06,2021,7.85
654,SB,Solomon Is.,OCEANIA,$0.86,$8.99,2021,7.83
473,AE,United Arab Emirates,NEAR EAST,$1.19,$11.29,2021,7.62
630,NR,Nauru,OCEANIA,$2.70,$6.72,2021,7.62
519,CU,Cuba,CARIBBEAN,$1.72,$5.17,2021,7.5
570,IO,British Indian Ocean Territory,ASIA (EX. NEAR EAST),$4.17,$7.14,2021,7.5
472,AD,Andorra,WESTERN EUROPE,$0.90,$55.07,2021,7.49
631,NU,Niue,OCEANIA,,,2021,7.37
672,SY,Syria,NEAR EAST,$5.04,$38.80,2021,7.15
632,NZ,New Zealand,OCEANIA,$0.96,$30.53,2021,6.99
488,BB,Barbados,CARIBBEAN,$5.41,$11.07,2021,6.79
623,NC,New Caledonia,OCEANIA,$1.90,$17.50,2021,6.49
521,CW,Curaçao,CARIBBEAN,$0.92,$19.61,2021,6.47
686,TV,Tuvalu,OCEANIA,$2.69,$8.96,2021,6.35
699,VU,Vanuatu,OCEANIA,$0.75,$16.98,2021,6.06
502,BS,Bahamas,CARIBBEAN,$1.09,$9.93,2021,5.98
551,GM,Gambia,SUB-SAHARAN AFRICA,$2.24,$9.61,2021,5.86
628,NO,Norway,WESTERN EUROPE,$2.19,$12.14,2021,5.81
507,CA,Canada,NORTHERN AMERICA,$1.66,$46.02,2021,5.72
687,TW,Taiwan,ASIA (EX. NEAR EAST),$0.40,$2.22,2021,5.67
613,MR,Mauritania,NORTHERN AFRICA,$2.74,$27.38,2021,5.56
490,BE,Belgium,WESTERN EUROPE,$0.52,$18.02,2021,5.28
559,GY,Guyana,SOUTH AMERICA,$3.47,$8.24,2021,5.25
511,CH,Switzerland,WESTERN EUROPE,$0.51,$20.32,2021,5.24
605,MG,Madagascar,SUB-SAHARAN AFRICA,$0.14,$12.13,2021,5.14
542,GA,Gabon,SUB-SAHARAN AFRICA,$1.20,$15.31,2021,4.82
590,LB,Lebanon,NEAR EAST,$0.97,$22.40,2021,4.81
520,CV,Cape Verde,SUB-SAHARAN AFRICA,$2.28,$40.98,2021,4.78
585,KR,South Korea,ASIA (EX. NEAR EAST),$0.56,$83.54,2021,4.72
676,TG,Togo,SUB-SAHARAN AFRICA,$6.89,$22.96,2021,4.69
661,SJ,Svalbard and Jan Mayen,WESTERN EUROPE,,,2021,4.65
491,BF,Burkina Faso,SUB-SAHARAN AFRICA,$1.53,$15.31,2021,4.52
634,PA,Panama,CENTRAL AMERICA,$0.83,$5.68,2021,4.49
475,AG,Antigua and Barbuda,CARIBBEAN,$0.18,$12.58,2021,4.44
484,AW,Aruba,CARIBBEAN,$0.66,$8.97,2021,4.44
558,GW,Guinea-Bissau,SUB-SAHARAN AFRICA,$1.09,$5.10,2021,4.41
636,PF,French Polynesia,OCEANIA,$0.48,$7.51,2021,4.2
671,SX,Sint Maarten,CARIBBEAN,$0.32,$6.86,2021,4.17
614,MS,Montserrat,CARIBBEAN,$0.93,$5.92,2021,4.01
550,GL,Greenland,NORTHERN AMERICA,$1.34,$9.66,2021,3.97
504,BW,Botswana,SUB-SAHARAN AFRICA,$9.36,$31.26,2021,3.92
476,AI,Anguilla,CARIBBEAN,$1.11,$5.92,2021,3.85
644,PT,Portugal,WESTERN EUROPE,$1.00,$60.07,2021,3.85
584,KN,Saint Kitts and Nevis,CARIBBEAN,$1.11,$3.70,2021,3.7
619,MX,Mexico,CENTRAL AMERICA,$1.23,$7.96,2021,3.62
495,BJ,Benin,SUB-SAHARAN AFRICA,$1.53,$51.02,2021,3.61
662,SK,Slovakia,EASTERN EUROPE,$0.25,$32.04,2021,3.55
513,CK,Cook Islands,OCEANIA,$1.30,$5.98,2021,3.5
598,LV,Latvia,BALTICS,$0.67,$47.56,2021,3.49
604,MF,Saint-Martin (France),CARIBBEAN,$0.50,$90.11,2021,3.46
612,MQ,Martinique,CARIBBEAN,$0.35,$90.11,2021,3.46
524,DE,Germany,WESTERN EUROPE,$0.50,$7.91,2021,3.38
578,JP,Japan,ASIA (EX. NEAR EAST),$1.10,$36.07,2021,3.38
691,US,United States of America,NORTHERN AMERICA,$1.67,$120.60,2021,3.33
607,ML,Mali,SUB-SAHARAN AFRICA,$0.57,$38.27,2021,3.28
663,SL,Sierra Leone,SUB-SAHARAN AFRICA,$0.30,$121.49,2021,3.26
617,MV,Maldives,ASIA (EX. NEAR EAST),$0.47,$26.06,2021,3.24
583,KM,Comoros,SUB-SAHARAN AFRICA,$0.90,$4.30,2021,3.21
647,QA,Qatar,NEAR EAST,$4.12,$8.24,2021,3.2
589,LA,Lao People's Democratic Republic,ASIA (EX. NEAR EAST),$0.07,$22.03,2021,3.19
627,NL,Netherlands,WESTERN EUROPE,$0.58,$140.17,2021,3.11
592,LI,Liechtenstein,WESTERN EUROPE,$0.20,$22.86,2021,3.1
597,LU,Luxembourg,WESTERN EUROPE,$0.73,$7.01,2021,3
506,BZ,Belize,CENTRAL AMERICA,$1.28,$14.78,2021,2.97
510,CG,Congo,SUB-SAHARAN AFRICA,$0.36,$2.67,2021,2.88
477,AL,Albania,EASTERN EUROPE,$0.55,$85.72,2021,2.8
517,CO,Colombia,SOUTH AMERICA,$0.17,$3.73,2021,2.8
621,MZ,Mozambique,SUB-SAHARAN AFRICA,$0.20,$78.13,2021,2.79
549,GI,Gibraltar,WESTERN EUROPE,$0.75,$2.10,2021,2.78
485,AX,Åland Islands,WESTERN EUROPE,$3.98,$7.46,2021,2.75
576,JM,Jamaica,CARIBBEAN,$0.77,$3.75,2021,2.74
704,ZA,South Africa,SUB-SAHARAN AFRICA,$0.07,$22.12,2021,2.67
595,LS,Lesotho,SUB-SAHARAN AFRICA,$1.11,$5.84,2021,2.66
540,FO,Faroe Islands,WESTERN EUROPE,$0.94,$21.13,2021,2.64
591,LC,Saint Lucia,CARIBBEAN,$1.46,$4.44,2021,2.62
678,TJ,Tajikistan,CIS (FORMER USSR),$0.94,$14.15,2021,2.6
594,LR,Liberia,SUB-SAHARAN AFRICA,$1.67,$14.50,2021,2.59
512,CI,Côte d'Ivoire,SUB-SAHARAN AFRICA,$0.77,$15.31,2021,2.58
646,PY,Paraguay,SOUTH AMERICA,$0.04,$5.06,2021,2.53
544,GD,Grenada,CARIBBEAN,$0.37,$4.44,2021,2.44
694,VC,Saint Vincent and the Grenadines,CARIBBEAN,$1.32,$3.70,2021,2.41
487,BA,Bosnia and Herz.,EASTERN EUROPE,$0.51,$64.17,2021,2.39
480,AR,Argentina,SOUTH AMERICA,$0.47,$3.45,2021,2.38
496,BL,Saint Barthélemy (St. Barts),CARIBBEAN,$0.50,$90.11,2021,2.36
518,CR,Costa Rica,CENTRAL AMERICA,$1.39,$9.64,2021,2.36
562,HR,Croatia,EASTERN EUROPE,$0.43,$22.21,2021,2.35
560,HK,Hong Kong,ASIA (EX. NEAR EAST),$0.25,$3.35,2021,2.3
492,BG,Bulgaria,EASTERN EUROPE,$0.15,$18.41,2021,2.26
637,PG,Papua New Guinea,OCEANIA,$0.42,$9.28,2021,2.26
579,KE,Kenya,SUB-SAHARAN AFRICA,$0.24,$4.23,2021,2.25
673,SZ,Eswatini,SUB-SAHARAN AFRICA,$0.39,$58.42,2021,2.24
498,BN,Brunei,ASIA (EX. NEAR EAST),$1.18,$7.08,2021,2.23
499,BO,Bolivia,SOUTH AMERICA,$0.87,$7.22,2021,2.18
611,MP,Northern Mariana Islands,OCEANIA,$2.00,$2.67,2021,2.15
557,GU,Guam,OCEANIA,$1.17,$2.17,2021,2.14
493,BH,Bahrain,NEAR EAST,$0.60,$2.59,2021,2.12
603,ME,Montenegro,EASTERN EUROPE,$0.07,$2.98,2021,2.12
633,OM,Oman,NEAR EAST,$1.56,$10.39,2021,2.12
494,BI,Burundi,SUB-SAHARAN AFRICA,$0.37,$4.82,2021,2.1
615,MT,Malta,WESTERN EUROPE,$1.00,$49.96,2021,2.01
481,AS,American Samoa,OCEANIA,$1.00,$14.97,2021,2
552,GN,Guinea,SUB-SAHARAN AFRICA,$1.14,$3.73,2021,1.99
556,GT,Guatemala,CENTRAL AMERICA,$0.59,$2.14,2021,1.94
667,SR,Suriname,SOUTH AMERICA,$0.29,$2.84,2021,1.94
610,MO,Macau,ASIA (EX. NEAR EAST),$0.68,$1.92,2021,1.93
685,TT,Trinidad and Tobago,CARIBBEAN,$0.14,$3.26,2021,1.9
486,AZ,Azerbaijan,CIS (FORMER USSR),$0.35,$9.80,2021,1.82
545,GE,Georgia,CIS (FORMER USSR),$0.26,$2.92,2021,1.8
568,IM,Isle of Man,WESTERN EUROPE,$0.40,$23.66,2021,1.8
638,PH,Philippines,ASIA (EX. NEAR EAST),$0.14,$2.12,2021,1.77
527,DM,Dominica,CARIBBEAN,$0.78,$2.10,2021,1.76
660,SI,Slovenia,EASTERN EUROPE,$0.32,$9.89,2021,1.72
535,ET,Ethiopia,SUB-SAHARAN AFRICA,$0.80,$1.33,2021,1.71
643,PS,Palestine,NEAR EAST,$0.42,$15.77,2021,1.71
564,HU,Hungary,EASTERN EUROPE,$0.12,$6.86,2021,1.7
645,PW,Palau,OCEANIA,$1.00,$2.50,2021,1.67
680,TL,Timor-Leste,ASIA (EX. NEAR EAST),$1.25,$11.67,2021,1.67
479,AO,Angola,SUB-SAHARAN AFRICA,$0.93,$4.65,2021,1.61
546,GF,French Guiana,SOUTH AMERICA,$0.35,$90.11,2021,1.58
561,HN,Honduras,CENTRAL AMERICA,$0.42,$1.63,2021,1.56
690,UG,Uganda,SUB-SAHARAN AFRICA,$0.49,$15.81,2021,1.56
572,IR,Iran,ASIA (EX. NEAR EAST),$0.52,$10.63,2021,1.52
528,DO,Dominican Rep.,CARIBBEAN,$0.34,$23.48,2021,1.51
692,UY,Uruguay,SOUTH AMERICA,$0.24,$14.20,2021,1.51
653,SA,Saudi Arabia,NEAR EAST,$0.61,$10.72,2021,1.47
547,GG,Guernsey,WESTERN EUROPE,$0.48,$17.92,2021,1.46
657,SE,Sweden,WESTERN EUROPE,$0.56,$7.18,2021,1.45
543,GB,United Kingdom,WESTERN EUROPE,$0.12,$61.52,2021,1.42
566,IE,Ireland,WESTERN EUROPE,$0.50,$15.02,2021,1.42
577,JO,Jordan,NEAR EAST,$0.31,$1.41,2021,1.41
531,EE,Estonia,BALTICS,$0.12,$99.92,2021,1.39
596,LT,Lithuania,BALTICS,$0.28,$10.21,2021,1.38
575,JE,Jersey,WESTERN EUROPE,$0.47,$18.81,2021,1.32
650,RS,Serbia,EASTERN EUROPE,$0.13,$5.12,2021,1.3
624,NE,Niger,SUB-SAHARAN AFRICA,$0.77,$7.65,2021,1.28
683,TO,Tonga,OCEANIA,$0.85,$8.46,2021,1.28
652,RW,Rwanda,SUB-SAHARAN AFRICA,$0.33,$7.33,2021,1.25
534,ES,Spain,WESTERN EUROPE,$0.11,$49.06,2021,1.24
573,IS,Iceland,WESTERN EUROPE,$0.15,$15.76,2021,1.23
649,RO,Romania,EASTERN EUROPE,$0.07,$1.00,2021,1.18
482,AT,Austria,WESTERN EUROPE,$0.13,$2.38,2021,1.17
635,PE,Peru,SOUTH AMERICA,$0.63,$1.27,2021,1.15
571,IQ,Iraq,NEAR EAST,$0.14,$10.21,2021,1.14
705,ZM,Zambia,SUB-SAHARAN AFRICA,$0.45,$30.60,2021,1.13
525,DJ,Djibouti,SUB-SAHARAN AFRICA,$0.47,$27.90,2021,1.12
658,SG,Singapore,ASIA (EX. NEAR EAST),$0.07,$3.55,2021,1.09
682,TN,Tunisia,NORTHERN AFRICA,$0.38,$3.73,2021,1.09
601,MC,Monaco,WESTERN EUROPE,$0.35,$0.43,2021,1.08
530,EC,Ecuador,SOUTH AMERICA,$0.55,$4.00,2021,1.06
677,TH,Thailand,ASIA (EX. NEAR EAST),$0.18,$5.49,2021,1.06
532,EG,Egypt,NORTHERN AFRICA,$0.76,$1.32,2021,1.04
474,AF,Afghanistan,ASIA (EX. NEAR EAST),$0.28,$2.82,2021,1.02
536,FI,Finland,WESTERN EUROPE,$2.38,$9.99,2021,0.97
606,MK,Macedonia,EASTERN EUROPE,$0.16,$4.88,2021,0.96
626,NI,Nicaragua,CENTRAL AMERICA,$0.55,$1.19,2021,0.94
665,SN,Senegal,SUB-SAHARAN AFRICA,$0.44,$7.65,2021,0.94
501,BR,Brazil,SOUTH AMERICA,$0.09,$2.32,2021,0.92
515,CM,Cameroon,SUB-SAHARAN AFRICA,$0.51,$5.51,2021,0.9
553,GP,Guadeloupe,CARIBBEAN,$0.35,$90.11,2021,0.89
620,MY,Malaysia,ASIA (EX. NEAR EAST),$0.11,$5.41,2021,0.89
533,EH,W. Sahara,NORTHERN AFRICA,$0.44,$2.39,2021,0.88
600,MA,Morocco,NORTHERN AFRICA,$0.44,$2.39,2021,0.88
625,NG,Nigeria,SUB-SAHARAN AFRICA,$0.24,$2.96,2021,0.88
563,HT,Haiti,CARIBBEAN,$0.14,$1.07,2021,0.85
503,BT,Bhutan,ASIA (EX. NEAR EAST),$0.22,$0.96,2021,0.83
581,KH,Cambodia,ASIA (EX. NEAR EAST),$0.10,$1.43,2021,0.83
703,YT,Mayotte,SUB-SAHARAN AFRICA,$0.10,$40.05,2021,0.824640606
586,KW,Kuwait,NEAR EAST,$0.03,$97.35,2021,0.81
526,DK,Denmark,WESTERN EUROPE,$0.10,$3.54,2021,0.79
608,MM,Myanmar,ASIA (EX. NEAR EAST),$1.00,$1.50,2021,0.78
478,AM,Armenia,CIS (FORMER USSR),$0.39,$2.41,2021,0.76
648,RE,Réunion,SUB-SAHARAN AFRICA,$0.33,$100.02,2021,0.76
616,MU,Mauritius,SUB-SAHARAN AFRICA,$0.03,$8.93,2021,0.75
688,TZ,Tanzania,SUB-SAHARAN AFRICA,$0.36,$10.72,2021,0.75
689,UA,Ukraine,CIS (FORMER USSR),$0.17,$1.68,2021,0.75
599,LY,Libya,NORTHERN AFRICA,$0.20,$2.04,2021,0.74
483,AU,Australia,OCEANIA,$0.13,$6.65,2021,0.7
569,IN,India,ASIA (EX. NEAR EAST),$0.05,$8.10,2021,0.68
548,GH,Ghana,SUB-SAHARAN AFRICA,$0.20,$1.23,2021,0.66
640,PL,Poland,EASTERN EUROPE,$0.14,$8.29,2021,0.64
684,TR,Turkey,NEAR EAST,$0.03,$4.87,2021,0.63
629,NP,Nepal,ASIA (EX. NEAR EAST),$0.07,$1.95,2021,0.61
609,MN,Mongolia,ASIA (EX. NEAR EAST),$0.19,$18.50,2021,0.6
666,SO,Somalia,SUB-SAHARAN AFRICA,$0.30,$1.67,2021,0.6
693,UZ,Uzbekistan,CIS (FORMER USSR),$0.13,$2.73,2021,0.6
588,KZ,Kazakhstan,CIS (FORMER USSR),$0.23,$2.08,2021,0.59
639,PK,Pakistan,ASIA (EX. NEAR EAST),$0.05,$11.20,2021,0.59
700,WS,Samoa,OCEANIA,$0.37,$5.60,2021,0.56
516,CN,China,ASIA (EX. NEAR EAST),$0.30,$0.45,2021,0.52
529,DZ,Algeria,NORTHERN AFRICA,$0.14,$1.70,2021,0.51
698,VN,Vietnam,ASIA (EX. NEAR EAST),$0.08,$1.51,2021,0.49
505,BY,Belarus,CIS (FORMER USSR),$0.45,$1.13,2021,0.43
664,SM,San Marino,WESTERN EUROPE,$0.08,$0.20,2021,0.43
565,ID,Indonesia,ASIA (EX. NEAR EAST),$0.13,$2.87,2021,0.42
541,FR,France,WESTERN EUROPE,$0.08,$49.96,2021,0.41
514,CL,Chile,SOUTH AMERICA,$0.03,$4.65,2021,0.39
593,LK,Sri Lanka,ASIA (EX. NEAR EAST),$0.04,$2.70,2021,0.38
489,BD,Bangladesh,ASIA (EX. NEAR EAST),$0.01,$6.72,2021,0.34
670,SV,El Salvador,CENTRAL AMERICA,$0.50,$20.00,2021,0.333333333
602,MD,Moldova,EASTERN EUROPE,$0.03,$2.59,2021,0.32
651,RU,Russia,CIS (FORMER USSR),$0.20,$1.66,2021,0.29
574,IT,Italy,WESTERN EUROPE,$0.05,$2.00,2021,0.27
656,SD,Sudan,SUB-SAHARAN AFRICA,$0.03,$14.04,2021,0.27
537,FJ,Fiji,OCEANIA,$0.07,$0.78,2021,0.19
580,KG,Kyrgyzstan,CIS (FORMER USSR),$0.15,$0.40,2021,0.15
567,IL,Israel,NEAR EAST,$0.02,$0.17,2021,0.05
641,PM,St. Pierre and Miquelon,CARIBBEAN,$0.50,$19.92,2021,
642,PR,Puerto Rico,CARIBBEAN,$1.00,$4.00,2021,
668,SS,S. Sudan,SUB-SAHARAN AFRICA,$0.43,$42.14,2021,
695,VE,Venezuela,SOUTH AMERICA,$1.32,$3.70,2021,
697,VI,Virgin Islands (U.S.),CARIBBEAN,$3.13,$6.00,2021,
701,XK,Kosovo,EASTERN EUROPE,$0.94,$1.99,2021,
706,ZW,Zimbabwe,SUB-SAHARAN AFRICA,$1.73,$12.92,2021,
707,,,,,,2021,
895,SH,Saint Helena,SUB-SAHARAN AFRICA,$39.73,$52.97,2022,41.06
774,FK,Falkland Is.,SOUTH AMERICA,$25.63,$70.99,2022,38.45
905,ST,São Tomé and Príncipe,SUB-SAHARAN AFRICA,$13.27,$162.20,2022,29.49
915,TK,Tokelau,OCEANIA,$13.57,$24.43,2022,17.88
938,YE,Yemen,NEAR EAST,$4.00,$43.96,2022,16.58
740,BW,Botswana,SUB-SAHARAN AFRICA,$9.36,$31.26,2022,15.55
917,TM,Turkmenistan,CIS (FORMER USSR),$7.14,$30.44,2022,14.27
912,TG,Togo,SUB-SAHARAN AFRICA,$6.89,$22.96,2022,12.94
891,SC,Seychelles,SUB-SAHARAN AFRICA,$3.32,$38.16,2022,12.66
821,KR,South Korea,ASIA (EX. NEAR EAST),$0.56,$83.54,2022,12.55
804,IM,Isle of Man,WESTERN EUROPE,$0.40,$23.66,2022,12.13
858,,Namibia,SUB-SAHARAN AFRICA,$1.36,$27.03,2022,10.52
823,KY,Cayman Islands,CARIBBEAN,$3.58,$17.88,2022,10.43
790,GQ,Eq. Guinea,SUB-SAHARAN AFRICA,$4.37,$15.31,2022,9.57
745,CF,Central African Rep.,SUB-SAHARAN AFRICA,$2.55,$25.51,2022,8.93
908,SY,Syria,NEAR EAST,$5.04,$38.80,2022,8.57
922,TV,Tuvalu,OCEANIA,$2.69,$8.96,2022,7.47
747,CH,Switzerland,WESTERN EUROPE,$0.51,$20.32,2022,7.37
910,TC,Turks and Caicos Islands,CARIBBEAN,$5.50,$8.60,2022,7
932,VG,Virgin Islands (British),CARIBBEAN,$3.38,$17.50,2022,6.88
883,QA,Qatar,NEAR EAST,$4.12,$8.24,2022,6.87
724,BB,Barbados,CARIBBEAN,$5.41,$11.07,2022,6.76
890,SB,Solomon Is.,OCEANIA,$0.86,$8.99,2022,6.74
868,NZ,New Zealand,OCEANIA,$0.96,$30.53,2022,6.72
775,FM,Micronesia (Federated States of),OCEANIA,$0.83,$50.06,2022,6.64
757,CW,Curaçao,CARIBBEAN,$0.92,$19.61,2022,6.51
708,AD,Andorra,WESTERN EUROPE,$0.90,$55.07,2022,6.34
736,BQ,Caribbean Netherlands,CARIBBEAN,$2.21,$19.61,2022,6.15
772,FI,Finland,WESTERN EUROPE,$2.38,$9.99,2022,6.01
743,CA,Canada,NORTHERN AMERICA,$1.66,$46.02,2022,5.94
721,AX,Åland Islands,WESTERN EUROPE,$3.98,$7.46,2022,5.72
927,US,United States of America,NORTHERN AMERICA,$1.67,$120.60,2022,5.62
738,BS,Bahamas,CARIBBEAN,$1.09,$9.93,2022,5.46
866,NR,Nauru,OCEANIA,$2.70,$6.72,2022,5.36
758,CY,Cyprus,NEAR EAST,$0.40,$133.49,2022,5.34
791,GR,Greece,EASTERN EUROPE,$0.95,$23.60,2022,5.3
720,AW,Aruba,CARIBBEAN,$0.66,$8.97,2022,5.25
859,NC,New Caledonia,OCEANIA,$1.90,$17.50,2022,5.18
911,TD,Chad,SUB-SAHARAN AFRICA,$1.91,$38.27,2022,5.1
733,BM,Bermuda,NORTHERN AMERICA,$1.00,$19.00,2022,5
806,IO,British Indian Ocean Territory,ASIA (EX. NEAR EAST),$4.17,$7.14,2022,5
787,GM,Gambia,SUB-SAHARAN AFRICA,$2.24,$9.61,2022,4.6
933,VI,Virgin Islands (U.S.),CARIBBEAN,$3.13,$6.00,2022,4.56
795,GY,Guyana,SOUTH AMERICA,$3.47,$8.24,2022,4.47
864,NO,Norway,WESTERN EUROPE,$2.19,$12.14,2022,4.44
756,CV,Cape Verde,SUB-SAHARAN AFRICA,$2.28,$40.98,2022,4.3
709,AE,United Arab Emirates,NEAR EAST,$1.19,$11.29,2022,4.29
942,ZW,Zimbabwe,SUB-SAHARAN AFRICA,$1.73,$12.92,2022,4.26
711,AG,Antigua and Barbuda,CARIBBEAN,$0.18,$12.58,2022,4.04
828,LI,Liechtenstein,WESTERN EUROPE,$0.20,$22.86,2022,4.04
778,GA,Gabon,SUB-SAHARAN AFRICA,$1.20,$15.31,2022,3.95
814,JP,Japan,ASIA (EX. NEAR EAST),$1.10,$36.07,2022,3.85
727,BF,Burkina Faso,SUB-SAHARAN AFRICA,$1.53,$15.31,2022,3.83
880,PT,Portugal,WESTERN EUROPE,$1.00,$60.07,2022,3.67
712,AI,Anguilla,CARIBBEAN,$1.11,$5.92,2022,3.39
786,GL,Greenland,NORTHERN AMERICA,$1.34,$9.66,2022,3.36
818,KI,Kiribati,OCEANIA,$2.69,$4.20,2022,3.36
907,SX,Sint Maarten,CARIBBEAN,$0.32,$6.86,2022,3.2
744,CC,Cocos (Keeling) Islands,OCEANIA,$3.02,$3.36,2022,3.19
755,CU,Cuba,CARIBBEAN,$1.72,$5.17,2022,3.1
748,CI,Côte d'Ivoire,SUB-SAHARAN AFRICA,$0.77,$15.31,2022,3.06
759,CZ,Czech Republic,EASTERN EUROPE,$0.88,$18.27,2022,3.01
726,BE,Belgium,WESTERN EUROPE,$0.52,$18.02,2022,3
826,LB,Lebanon,NEAR EAST,$0.97,$22.40,2022,3
834,LV,Latvia,BALTICS,$0.67,$47.56,2022,3
870,PA,Panama,CENTRAL AMERICA,$0.83,$5.68,2022,2.98
851,MT,Malta,WESTERN EUROPE,$1.00,$49.96,2022,2.97
742,BZ,Belize,CENTRAL AMERICA,$1.28,$14.78,2022,2.96
869,OM,Oman,NEAR EAST,$1.56,$10.39,2022,2.92
855,MX,Mexico,CENTRAL AMERICA,$1.23,$7.96,2022,2.89
723,BA,Bosnia and Herz.,EASTERN EUROPE,$0.51,$64.17,2022,2.82
843,ML,Mali,SUB-SAHARAN AFRICA,$0.57,$38.27,2022,2.76
877,PM,St. Pierre and Miquelon,CARIBBEAN,$0.50,$19.92,2022,2.75
849,MR,Mauritania,NORTHERN AFRICA,$2.74,$27.38,2022,2.74
749,CK,Cook Islands,OCEANIA,$1.30,$5.98,2022,2.72
827,LC,Saint Lucia,CARIBBEAN,$1.46,$4.44,2022,2.71
713,AL,Albania,EASTERN EUROPE,$0.55,$85.72,2022,2.69
760,DE,Germany,WESTERN EUROPE,$0.50,$7.91,2022,2.67
830,LR,Liberia,SUB-SAHARAN AFRICA,$1.67,$14.50,2022,2.63
873,PG,Papua New Guinea,OCEANIA,$0.42,$9.28,2022,2.61
898,SK,Slovakia,EASTERN EUROPE,$0.25,$32.04,2022,2.6
850,MS,Montserrat,CARIBBEAN,$0.93,$5.92,2022,2.59
904,SS,S. Sudan,SUB-SAHARAN AFRICA,$0.43,$42.14,2022,2.51
840,MF,Saint-Martin (France),CARIBBEAN,$0.50,$90.11,2022,2.49
854,MW,Malawi,SUB-SAHARAN AFRICA,$0.60,$19.33,2022,2.42
715,AO,Angola,SUB-SAHARAN AFRICA,$0.93,$4.65,2022,2.33
717,AS,American Samoa,OCEANIA,$1.00,$14.97,2022,2.33
847,MP,Northern Mariana Islands,OCEANIA,$2.00,$2.67,2022,2.33
853,MV,Maldives,ASIA (EX. NEAR EAST),$0.47,$26.06,2022,2.3
731,BJ,Benin,SUB-SAHARAN AFRICA,$1.53,$51.02,2022,2.27
735,BO,Bolivia,SOUTH AMERICA,$0.87,$7.22,2022,2.23
780,GD,Grenada,CARIBBEAN,$0.37,$4.44,2022,2.22
930,VC,Saint Vincent and the Grenadines,CARIBBEAN,$1.32,$3.70,2022,2.22
931,VE,Venezuela,SOUTH AMERICA,$1.32,$3.70,2022,2.22
831,LS,Lesotho,SUB-SAHARAN AFRICA,$1.11,$5.84,2022,2.2
754,CR,Costa Rica,CENTRAL AMERICA,$1.39,$9.64,2022,2.17
916,TL,Timor-Leste,ASIA (EX. NEAR EAST),$1.25,$11.67,2022,2.16
879,PS,Palestine,NEAR EAST,$0.42,$15.77,2022,2.05
940,ZA,South Africa,SUB-SAHARAN AFRICA,$0.07,$22.12,2022,2.04
793,GU,Guam,OCEANIA,$1.17,$2.17,2022,2
833,LU,Luxembourg,WESTERN EUROPE,$0.73,$7.01,2022,2
776,FO,Faroe Islands,WESTERN EUROPE,$0.94,$21.13,2022,1.96
914,TJ,Tajikistan,CIS (FORMER USSR),$0.94,$14.15,2022,1.94
878,PR,Puerto Rico,CARIBBEAN,$1.00,$4.00,2022,1.93
863,NL,Netherlands,WESTERN EUROPE,$0.58,$140.17,2022,1.9
893,SE,Sweden,WESTERN EUROPE,$0.56,$7.18,2022,1.88
730,BI,Burundi,SUB-SAHARAN AFRICA,$0.37,$4.82,2022,1.86
820,KN,Saint Kitts and Nevis,CARIBBEAN,$1.11,$3.70,2022,1.85
860,NE,Niger,SUB-SAHARAN AFRICA,$0.77,$7.65,2022,1.85
798,HR,Croatia,EASTERN EUROPE,$0.43,$22.21,2022,1.84
903,SR,Suriname,SOUTH AMERICA,$0.29,$2.84,2022,1.78
722,AZ,Azerbaijan,CIS (FORMER USSR),$0.35,$9.80,2022,1.76
788,GN,Guinea,SUB-SAHARAN AFRICA,$1.14,$3.73,2022,1.74
734,BN,Brunei,ASIA (EX. NEAR EAST),$1.18,$7.08,2022,1.7
935,VU,Vanuatu,OCEANIA,$0.75,$16.98,2022,1.7
881,PW,Palau,OCEANIA,$1.00,$2.50,2022,1.67
896,SI,Slovenia,EASTERN EUROPE,$0.32,$9.89,2022,1.62
802,IE,Ireland,WESTERN EUROPE,$0.50,$15.02,2022,1.58
732,BL,Saint Barthélemy (St. Barts),CARIBBEAN,$0.50,$90.11,2022,1.55
751,CM,Cameroon,SUB-SAHARAN AFRICA,$0.51,$5.51,2022,1.53
794,GW,Guinea-Bissau,SUB-SAHARAN AFRICA,$1.09,$5.10,2022,1.53
901,SN,Senegal,SUB-SAHARAN AFRICA,$0.44,$7.65,2022,1.53
841,MG,Madagascar,SUB-SAHARAN AFRICA,$0.14,$12.13,2022,1.52
889,SA,Saudi Arabia,NEAR EAST,$0.61,$10.72,2022,1.52
782,GF,French Guiana,SOUTH AMERICA,$0.35,$90.11,2022,1.5
716,AR,Argentina,SOUTH AMERICA,$0.47,$3.45,2022,1.48
783,GG,Guernsey,WESTERN EUROPE,$0.48,$17.92,2022,1.43
941,ZM,Zambia,SUB-SAHARAN AFRICA,$0.45,$30.60,2022,1.36
848,MQ,Martinique,CARIBBEAN,$0.35,$90.11,2022,1.33
857,MZ,Mozambique,SUB-SAHARAN AFRICA,$0.20,$78.13,2022,1.33
926,UG,Uganda,SUB-SAHARAN AFRICA,$0.49,$15.81,2022,1.32
808,IR,Iran,ASIA (EX. NEAR EAST),$0.52,$10.63,2022,1.31
792,GT,Guatemala,CENTRAL AMERICA,$0.59,$2.14,2022,1.28
800,HU,Hungary,EASTERN EUROPE,$0.12,$6.86,2022,1.27
906,SV,El Salvador,CENTRAL AMERICA,$0.50,$20.00,2022,1.27
785,GI,Gibraltar,WESTERN EUROPE,$0.75,$2.10,2022,1.26
899,SL,Sierra Leone,SUB-SAHARAN AFRICA,$0.30,$121.49,2022,1.26
796,HK,Hong Kong,ASIA (EX. NEAR EAST),$0.25,$3.35,2022,1.25
939,YT,Mayotte,SUB-SAHARAN AFRICA,$0.10,$40.05,2022,1.23
812,JM,Jamaica,CARIBBEAN,$0.77,$3.75,2022,1.21
918,TN,Tunisia,NORTHERN AFRICA,$0.38,$3.73,2022,1.21
767,EE,Estonia,BALTICS,$0.12,$99.92,2022,1.2
937,XK,Kosovo,EASTERN EUROPE,$0.94,$1.99,2022,1.2
919,TO,Tonga,OCEANIA,$0.85,$8.46,2022,1.19
811,JE,Jersey,WESTERN EUROPE,$0.47,$18.81,2022,1.18
729,BH,Bahrain,NEAR EAST,$0.60,$2.59,2022,1.17
832,LT,Lithuania,BALTICS,$0.28,$10.21,2022,1.17
763,DM,Dominica,CARIBBEAN,$0.78,$2.10,2022,1.14
846,MO,Macau,ASIA (EX. NEAR EAST),$0.68,$1.92,2022,1.13
761,DJ,Djibouti,SUB-SAHARAN AFRICA,$0.47,$27.90,2022,1.12
844,MM,Myanmar,ASIA (EX. NEAR EAST),$1.00,$1.50,2022,1.11
789,GP,Guadeloupe,CARIBBEAN,$0.35,$90.11,2022,1.1
888,RW,Rwanda,SUB-SAHARAN AFRICA,$0.33,$7.33,2022,1.1
819,KM,Comoros,SUB-SAHARAN AFRICA,$0.90,$4.30,2022,1.08
882,PY,Paraguay,SOUTH AMERICA,$0.04,$5.06,2022,1.08
746,CG,Congo,SUB-SAHARAN AFRICA,$0.36,$2.67,2022,1.03
781,GE,Georgia,CIS (FORMER USSR),$0.26,$2.92,2022,1.03
809,IS,Iceland,WESTERN EUROPE,$0.15,$15.76,2022,1.01
871,PE,Peru,SOUTH AMERICA,$0.63,$1.27,2022,1.01
766,EC,Ecuador,SOUTH AMERICA,$0.55,$4.00,2022,1
771,ET,Ethiopia,SUB-SAHARAN AFRICA,$0.80,$1.33,2022,1
825,LA,Lao People's Democratic Republic,ASIA (EX. NEAR EAST),$0.07,$22.03,2022,0.99
921,TT,Trinidad and Tobago,CARIBBEAN,$0.14,$3.26,2022,0.98
718,AT,Austria,WESTERN EUROPE,$0.13,$2.38,2022,0.94
764,DO,Dominican Rep.,CARIBBEAN,$0.34,$23.48,2022,0.94
936,WS,Samoa,OCEANIA,$0.37,$5.60,2022,0.94
768,EG,Egypt,NORTHERN AFRICA,$0.76,$1.32,2022,0.93
842,MK,Macedonia,EASTERN EUROPE,$0.16,$4.88,2022,0.92
714,AM,Armenia,CIS (FORMER USSR),$0.39,$2.41,2022,0.91
710,AF,Afghanistan,ASIA (EX. NEAR EAST),$0.28,$2.82,2022,0.9
728,BG,Bulgaria,EASTERN EUROPE,$0.15,$18.41,2022,0.9
852,MU,Mauritius,SUB-SAHARAN AFRICA,$0.03,$8.93,2022,0.87
815,KE,Kenya,SUB-SAHARAN AFRICA,$0.24,$4.23,2022,0.84
909,SZ,Eswatini,SUB-SAHARAN AFRICA,$0.39,$58.42,2022,0.84
741,BY,Belarus,CIS (FORMER USSR),$0.45,$1.13,2022,0.79
779,GB,United Kingdom,WESTERN EUROPE,$0.12,$61.52,2022,0.79
797,HN,Honduras,CENTRAL AMERICA,$0.42,$1.63,2022,0.76
886,RS,Serbia,EASTERN EUROPE,$0.13,$5.12,2022,0.76
892,SD,Sudan,SUB-SAHARAN AFRICA,$0.03,$14.04,2022,0.75
737,BR,Brazil,SOUTH AMERICA,$0.09,$2.32,2022,0.74
872,PF,French Polynesia,OCEANIA,$0.48,$7.51,2022,0.74
923,TW,Taiwan,ASIA (EX. NEAR EAST),$0.40,$2.22,2022,0.74
769,EH,W. Sahara,NORTHERN AFRICA,$0.44,$2.39,2022,0.72
822,KW,Kuwait,NEAR EAST,$0.03,$97.35,2022,0.71
861,NG,Nigeria,SUB-SAHARAN AFRICA,$0.24,$2.96,2022,0.71
924,TZ,Tanzania,SUB-SAHARAN AFRICA,$0.36,$10.72,2022,0.71
862,NI,Nicaragua,CENTRAL AMERICA,$0.55,$1.19,2022,0.7
884,RE,Réunion,SUB-SAHARAN AFRICA,$0.33,$100.02,2022,0.7
836,MA,Morocco,NORTHERN AFRICA,$0.44,$2.39,2022,0.69
807,IQ,Iraq,NEAR EAST,$0.14,$10.21,2022,0.68
845,MN,Mongolia,ASIA (EX. NEAR EAST),$0.19,$18.50,2022,0.67
813,JO,Jordan,NEAR EAST,$0.31,$1.41,2022,0.63
902,SO,Somalia,SUB-SAHARAN AFRICA,$0.30,$1.67,2022,0.63
784,GH,Ghana,SUB-SAHARAN AFRICA,$0.20,$1.23,2022,0.61
835,LY,Libya,NORTHERN AFRICA,$0.20,$2.04,2022,0.61
894,SG,Singapore,ASIA (EX. NEAR EAST),$0.07,$3.55,2022,0.61
934,VN,Vietnam,ASIA (EX. NEAR EAST),$0.08,$1.51,2022,0.61
770,ES,Spain,WESTERN EUROPE,$0.11,$49.06,2022,0.6
839,ME,Montenegro,EASTERN EUROPE,$0.07,$2.98,2022,0.6
719,AU,Australia,OCEANIA,$0.13,$6.65,2022,0.57
874,PH,Philippines,ASIA (EX. NEAR EAST),$0.14,$2.12,2022,0.52
750,CL,Chile,SOUTH AMERICA,$0.03,$4.65,2022,0.51
753,CO,Colombia,SOUTH AMERICA,$0.17,$3.73,2022,0.49
765,DZ,Algeria,NORTHERN AFRICA,$0.14,$1.70,2022,0.48
887,RU,Russia,CIS (FORMER USSR),$0.20,$1.66,2022,0.48
801,ID,Indonesia,ASIA (EX. NEAR EAST),$0.13,$2.87,2022,0.46
856,MY,Malaysia,ASIA (EX. NEAR EAST),$0.11,$5.41,2022,0.45
885,RO,Romania,EASTERN EUROPE,$0.07,$1.00,2022,0.45
762,DK,Denmark,WESTERN EUROPE,$0.10,$3.54,2022,0.43
925,UA,Ukraine,CIS (FORMER USSR),$0.17,$1.68,2022,0.43
817,KH,Cambodia,ASIA (EX. NEAR EAST),$0.10,$1.43,2022,0.42
752,CN,China,ASIA (EX. NEAR EAST),$0.30,$0.45,2022,0.41
876,PL,Poland,EASTERN EUROPE,$0.14,$8.29,2022,0.41
837,MC,Monaco,WESTERN EUROPE,$0.35,$0.43,2022,0.4
739,BT,Bhutan,ASIA (EX. NEAR EAST),$0.22,$0.96,2022,0.39
920,TR,Turkey,NEAR EAST,$0.03,$4.87,2022,0.39
913,TH,Thailand,ASIA (EX. NEAR EAST),$0.18,$5.49,2022,0.38
799,HT,Haiti,CARIBBEAN,$0.14,$1.07,2022,0.37
824,KZ,Kazakhstan,CIS (FORMER USSR),$0.23,$2.08,2022,0.37
929,UZ,Uzbekistan,CIS (FORMER USSR),$0.13,$2.73,2022,0.37
875,PK,Pakistan,ASIA (EX. NEAR EAST),$0.05,$11.20,2022,0.36
725,BD,Bangladesh,ASIA (EX. NEAR EAST),$0.01,$6.72,2022,0.32
829,LK,Sri Lanka,ASIA (EX. NEAR EAST),$0.04,$2.70,2022,0.27
865,NP,Nepal,ASIA (EX. NEAR EAST),$0.07,$1.95,2022,0.27
928,UY,Uruguay,SOUTH AMERICA,$0.24,$14.20,2022,0.27
838,MD,Moldova,EASTERN EUROPE,$0.03,$2.59,2022,0.26
777,FR,France,WESTERN EUROPE,$0.08,$49.96,2022,0.23
805,IN,India,ASIA (EX. NEAR EAST),$0.05,$8.10,2022,0.17
816,KG,Kyrgyzstan,CIS (FORMER USSR),$0.15,$0.40,2022,0.17
773,FJ,Fiji,OCEANIA,$0.07,$0.78,2022,0.15
900,SM,San Marino,WESTERN EUROPE,$0.08,$0.20,2022,0.14
810,IT,Italy,WESTERN EUROPE,$0.05,$2.00,2022,0.12
803,IL,Israel,NEAR EAST,$0.02,$0.17,2022,0.04
867,NU,Niue,OCEANIA,,,2022,
897,SJ,Svalbard and Jan Mayen,WESTERN EUROPE,,,2022,
943,,,,,,2022,
